Date,Root,Settlement,Expiration_Date,Days_to_Exp,Hours_to_Exp,Forward,K0,Risk_Free_Rate,VIX,Options_Used
2026-09-14,SPXW,PM,2026-09-15,0.989583,23.75,7620.9001,7620.0,0.0394,14.2731,161
2026-09-14,SPXW,PM,2026-09-16,1.989583,47.75,7621.6003,7620.0,0.0394,17.8878,200
2026-09-14,SPXW,PM,2026-09-17,2.989583,71.75,7622.2007,7620.0,0.0394,18.8526,199
2026-09-14,SPX,AM,2026-09-18,3.71875,89.25,7624.6499,7620.0,0.0394,18.7524,395
2026-09-14,SPXW,PM,2026-09-18,3.989583,95.75,7624.5498,7620.0,0.0394,19.2634,377
2026-09-14,SPXW,PM,2026-09-21,6.989583,167.75,7624.95,7620.0,0.0394,16.1583,189
2026-09-14,SPXW,PM,2026-09-22,7.989583,191.75,7625.7006,7625.0,0.0394,16.1894,189
2026-09-14,SPXW,PM,2026-09-23,8.989583,215.75,7626.6016,7625.0,0.0394,16.3211,191
2026-09-14,SPXW,PM,2026-09-24,9.989583,239.75,7627.3025,7625.0,0.0394,16.4846,192
2026-09-14,SPXW,PM,2026-09-25,10.989583,263.75,7629.6996,7625.0,0.0394,16.6611,271
2026-09-14,SPXW,PM,2026-09-28,13.989583,335.75,7630.5008,7630.0,0.0394,15.7435,165
2026-09-14,SPXW,PM,2026-09-29,14.989583,359.75,7631.3522,7630.0,0.0394,15.9568,166
2026-09-14,SPXW,PM,2026-09-30,15.989583,383.75,7631.6028,7630.0,0.0394,16.2918,570
2026-09-14,SPXW,PM,2026-10-01,16.989583,407.75,7633.2969,7630.0,0.0394,16.4567,167
2026-09-14,SPXW,PM,2026-10-02,17.989583,431.75,7635.3006,7635.0,0.0394,16.6843,231
2026-09-14,SPXW,PM,2026-10-05,20.989583,503.75,7636.2916,7630.0,0.0394,16.2067,134
2026-09-14,SPXW,PM,2026-10-06,21.989583,527.75,7636.642,7630.0,0.0394,16.3677,133
2026-09-14,SPXW,PM,2026-10-07,22.989583,551.75,7637.3434,7630.0,0.0394,16.5289,134
2026-09-14,SPXW,PM,2026-10-08,23.989583,575.75,7638.1452,7630.0,0.0394,16.6689,134
2026-09-14,SPXW,PM,2026-10-09,24.989583,599.75,7641.1531,7640.0,0.0394,16.8377,192
2026-09-14,SPXW,PM,2026-10-12,27.989583,671.75,7641.1033,7640.0,0.0394,16.509,114
2026-09-14,SPXW,PM,2026-10-13,28.989583,695.75,7642.2069,7640.0,0.0394,16.6329,112
2026-09-14,SPXW,PM,2026-10-14,29.989583,719.75,7643.0097,7640.0,0.0394,16.9309,114
2026-09-14,SPXW,PM,2026-10-15,30.989583,743.75,7643.5117,7640.0,0.03942177,17.1022,114
2026-09-14,SPX,AM,2026-10-16,31.71875,761.25,7646.2543,7645.0,0.03945051,17.1713,456
2026-09-14,SPXW,PM,2026-10-16,31.989583,767.75,7646.154,7645.0,0.03946119,17.2313,399
2026-09-14,SPXW,PM,2026-10-19,34.989583,839.75,7647.089,7625.0,0.03957947,16.9161,67
2026-09-14,SPXW,PM,2026-10-20,35.989583,863.75,7648.0424,7625.0,0.03961889,17.0175,68
2026-09-14,SPXW,PM,2026-10-21,36.989583,887.75,7648.8454,7625.0,0.03965832,17.1178,69
2026-09-14,SPXW,PM,2026-10-23,38.989583,935.75,7652.4102,7650.0,0.03973717,17.3089,154
2026-09-14,SPXW,PM,2026-10-30,45.989583,1103.75,7658.1406,7655.0,0.04001314,17.8281,484
2026-09-14,SPXW,PM,2026-11-03,50.03125,1200.75,7660.1558,7650.0,0.04017248,17.6838,86
2026-09-14,SPXW,PM,2026-11-04,51.03125,1224.75,7660.9615,7650.0,0.04021191,17.8855,86
2026-09-14,SPXW,PM,2026-11-06,53.03125,1272.75,7664.3252,7660.0,0.04029076,18.1016,108
2026-09-14,SPX,AM,2026-11-20,66.760417,1602.25,7671.9142,7670.0,0.04069668,18.5517,422
2026-09-14,SPXW,PM,2026-11-20,67.03125,1608.75,7672.015,7670.0,0.04070113,18.4553,358
2026-09-14,SPXW,PM,2026-11-30,77.03125,1848.75,7678.7392,7675.0,0.0408654,18.282,481
2026-09-14,SPX,AM,2026-12-18,94.760417,2274.25,7692.2236,7690.0,0.0411793,19.3698,405
2026-09-14,SPXW,PM,2026-12-18,95.03125,2280.75,7692.4259,7690.0,0.04118552,19.0717,266
2026-09-14,SPXW,PM,2026-12-31,108.03125,2592.75,7705.4049,7705.0,0.0414845,19.1893,559
2026-09-14,SPX,AM,2027-01-15,122.760417,2946.25,7723.0731,7700.0,0.0418,19.7644,238
2026-09-14,SPXW,PM,2027-01-15,123.03125,2952.75,7723.2252,7700.0,0.0418,19.2582,141
2026-09-14,SPXW,PM,2027-01-29,137.03125,3288.75,7734.8759,7730.0,0.0418,19.4671,206
2026-09-14,SPX,AM,2027-02-19,157.760417,3786.25,7751.3746,7750.0,0.0418,20.3467,226
2026-09-14,SPXW,PM,2027-02-26,165.03125,3960.75,7757.0447,7750.0,0.0418,19.6173,163
2026-09-14,SPX,AM,2027-03-19,185.71875,4457.25,7772.0376,7750.0,0.04183219,20.7351,225
2026-09-14,SPXW,PM,2027-03-31,197.989583,4751.75,7780.2046,7780.0,0.04195985,20.0208,490
2026-09-14,SPX,AM,2027-04-16,213.71875,5129.25,7798.77,7775.0,0.04212349,20.9849,220
2026-09-14,SPX,AM,2027-05-21,248.71875,5969.25,7829.7351,7825.0,0.04248763,21.3727,217
2026-09-14,SPX,AM,2027-06-17,275.71875,6617.25,7852.9952,7850.0,0.04276853,21.4947,238
2026-09-14,SPXW,PM,2027-06-30,288.989583,6935.75,7862.4312,7860.0,0.0429066,20.3877,416
2026-09-14,SPX,AM,2027-07-16,304.71875,7313.25,7880.6495,7875.0,0.04307024,21.1273,204
2026-09-14,SPX,AM,2027-08-20,339.71875,8153.25,7913.338,7900.0,0.04343438,21.2907,202
2026-09-14,SPX,AM,2027-09-17,367.71875,8825.25,7937.6164,7925.0,0.04371893,21.9791,210
2026-09-14,SPX,AM,2027-12-17,458.760417,11010.25,8022.7344,8000.0,0.04441685,22.1772,145
2026-09-14,SPX,AM,2028-06-16,640.71875,15377.25,8203.2512,8200.0,0.04581174,20.6854,199
2026-09-14,SPX,AM,2028-12-15,822.760417,19746.25,8379.5018,8350.0,0.04670208,22.9165,135
2026-09-14,SPX,AM,2029-12-21,1193.760417,28650.25,8767.9476,8700.0,0.04739392,23.3104,90
2026-09-14,SPX,AM,2030-12-20,1557.760417,37386.25,9174.5605,9000.0,0.04774272,22.0309,89
2026-09-14,SPX,AM,2031-12-19,1921.760417,46122.25,9610.95,9600.0,0.0481046,22.3959,35
2026-09-15,SPXW,PM,2026-09-16,0.989583,23.75,7593.7499,7590.0,0.0393,20.3516,179
2026-09-15,SPXW,PM,2026-09-17,1.989583,47.75,7594.4499,7590.0,0.0393,19.9415,204
2026-09-15,SPX,AM,2026-09-18,2.71875,65.25,7597.4007,7595.0,0.0393,19.8226,408
2026-09-15,SPXW,PM,2026-09-18,2.989583,71.75,7597.3508,7595.0,0.0393,20.3908,399
2026-09-15,SPXW,PM,2026-09-21,5.989583,143.75,7597.6985,7595.0,0.0393,16.3993,210
2026-09-15,SPXW,PM,2026-09-22,6.989583,167.75,7598.5489,7595.0,0.0393,16.4732,189
2026-09-15,SPXW,PM,2026-09-23,7.989583,191.75,7599.3494,7595.0,0.0393,16.6952,191
2026-09-15,SPXW,PM,2026-09-24,8.989583,215.75,7600.1001,7600.0,0.0393,16.8986,192
2026-09-15,SPXW,PM,2026-09-25,9.989583,239.75,7602.4526,7600.0,0.0393,17.0894,278
2026-09-15,SPXW,PM,2026-09-28,12.989583,311.75,7603.1975,7600.0,0.0393,16.0973,182
2026-09-15,SPXW,PM,2026-09-29,13.989583,335.75,7604.0986,7600.0,0.0393,16.2812,167
2026-09-15,SPXW,PM,2026-09-30,14.989583,359.75,7604.2488,7600.0,0.0393,16.6056,570
2026-09-15,SPXW,PM,2026-10-01,15.989583,383.75,7606.0017,7605.0,0.0393,16.7576,167
2026-09-15,SPXW,PM,2026-10-02,16.989583,407.75,7607.9963,7605.0,0.0393,16.9811,238
2026-09-15,SPXW,PM,2026-10-05,19.989583,479.75,7609.048,7605.0,0.0393,16.4387,155
2026-09-15,SPXW,PM,2026-10-06,20.989583,503.75,7609.3986,7600.0,0.0393,16.5815,133
2026-09-15,SPXW,PM,2026-10-07,21.989583,527.75,7610.1002,7610.0,0.0393,16.7233,133
2026-09-15,SPXW,PM,2026-10-08,22.989583,551.75,7610.9022,7610.0,0.0393,16.8804,134
2026-09-15,SPXW,PM,2026-10-09,23.989583,575.75,7613.8972,7610.0,0.0393,17.0227,199
2026-09-15,SPXW,PM,2026-10-12,26.989583,647.75,7613.9113,7610.0,0.0393,16.6424,127
2026-09-15,SPXW,PM,2026-10-13,27.989583,671.75,7614.9148,7610.0,0.0393,16.783,112
2026-09-15,SPXW,PM,2026-10-14,28.989583,695.75,7615.7869,7610.0,0.0393,17.0491,112
2026-09-15,SPXW,PM,2026-10-15,29.989583,719.75,7616.2379,7610.0,0.0393,17.1992,113
2026-09-15,SPX,AM,2026-10-16,30.71875,737.25,7618.9465,7615.0,0.03931294,17.222,451
2026-09-15,SPXW,PM,2026-10-16,30.989583,743.75,7618.9465,7615.0,0.03932539,17.3257,399
2026-09-15,SPXW,PM,2026-10-19,33.989583,815.75,7619.7993,7610.0,0.03946338,17.0101,108
2026-09-15,SPXW,PM,2026-10-20,34.989583,839.75,7620.6837,7600.0,0.03950938,17.1321,68
2026-09-15,SPXW,PM,2026-10-21,35.989583,863.75,7621.4863,7600.0,0.03955537,17.2323,68
2026-09-15,SPXW,PM,2026-10-22,36.989583,887.75,7622.3393,7600.0,0.03960137,17.3419,69
2026-09-15,SPXW,PM,2026-10-23,37.989583,911.75,7624.9498,7620.0,0.03964736,17.4152,158
2026-09-15,SPXW,PM,2026-10-30,44.989583,1079.75,7630.5527,7630.0,0.03996934,17.9178,484
2026-09-15,SPXW,PM,2026-11-03,49.03125,1176.75,7632.6411,7625.0,0.04013306,17.7763,85
2026-09-15,SPXW,PM,2026-11-04,50.03125,1200.75,7633.3458,7625.0,0.04017248,18.0102,89
2026-09-15,SPXW,PM,2026-11-06,52.03125,1248.75,7636.9324,7630.0,0.04025133,18.1751,111
2026-09-15,SPX,AM,2026-11-20,65.760417,1578.25,7644.446,7640.0,0.04068025,18.5712,422
2026-09-15,SPXW,PM,2026-11-20,66.03125,1584.75,7644.3956,7640.0,0.0406847,18.5095,358
2026-09-15,SPXW,PM,2026-11-30,76.03125,1824.75,7650.9077,7650.0,0.04084897,18.3492,481
2026-09-15,SPX,AM,2026-12-18,93.760417,2250.25,7664.242,7660.0,0.04116434,19.3998,404
2026-09-15,SPXW,PM,2026-12-18,94.03125,2256.75,7664.3459,7660.0,0.04117146,19.1251,266
2026-09-15,SPXW,PM,2026-12-31,107.03125,2568.75,7677.2269,7675.0,0.04151314,19.2382,559
2026-09-15,SPX,AM,2027-01-15,121.760417,2922.25,7695.031,7675.0,0.04189997,19.8321,238
2026-09-15,SPXW,PM,2027-01-15,122.03125,2928.75,7695.0816,7675.0,0.04189908,19.3224,141
2026-09-15,SPXW,PM,2027-01-29,136.03125,3264.75,7706.6989,7700.0,0.04185308,19.528,206
2026-09-15,SPX,AM,2027-02-19,156.760417,3762.25,7723.0656,7700.0,0.04178498,20.3941,226
2026-09-15,SPXW,PM,2027-02-26,164.03125,3936.75,7728.8282,7725.0,0.04176109,19.6817,163
2026-09-15,SPX,AM,2027-03-19,184.71875,4433.25,7743.8209,7725.0,0.04172522,20.7715,225
2026-09-15,SPXW,PM,2027-03-31,196.989583,4727.75,7752.0457,7750.0,0.04187304,20.069,490
2026-09-15,SPX,AM,2027-04-16,212.71875,5105.25,7770.3371,7750.0,0.04206253,21.0797,221
2026-09-15,SPX,AM,2027-05-21,247.71875,5945.25,7801.0807,7800.0,0.04248415,21.3925,217
2026-09-15,SPX,AM,2027-06-17,274.71875,6593.25,7824.4836,7800.0,0.04280941,21.5226,238
2026-09-15,SPXW,PM,2027-06-30,287.989583,6911.75,7833.8966,7825.0,0.04296928,20.411,416
2026-09-15,SPX,AM,2027-07-16,303.71875,7289.25,7852.0731,7850.0,0.04315876,21.1345,204
2026-09-15,SPX,AM,2027-08-20,338.71875,8129.25,7884.6318,7875.0,0.04358039,21.2992,202
2026-09-15,SPX,AM,2027-09-17,366.71875,8801.25,7908.7266,7900.0,0.04391126,21.8885,209
2026-09-15,SPX,AM,2027-12-17,457.760417,10986.25,7993.8134,7950.0,0.04460918,22.1961,145
2026-09-15,SPX,AM,2028-06-16,639.71875,15353.25,8174.1328,8150.0,0.04600407,20.6814,199
2026-09-15,SPX,AM,2028-12-15,821.760417,19722.25,8351.6116,8350.0,0.04692487,22.8644,135
2026-09-15,SPX,AM,2029-12-21,1192.760417,28626.25,8736.1114,8700.0,0.04769296,22.9365,91
2026-09-15,SPX,AM,2030-12-20,1556.760417,37362.25,9146.1783,9000.0,0.04804176,32.82,93
2026-09-15,SPX,AM,2031-12-19,1920.760417,46098.25,9582.3257,9200.0,0.0484035,22.274,35
2026-09-16,SPXW,PM,2026-09-17,0.989583,23.75,7552.4503,7550.0,0.0396,20.1941,176
2026-09-16,SPX,AM,2026-09-18,1.71875,41.25,7555.4501,7555.0,0.0396,19.7271,359
2026-09-16,SPXW,PM,2026-09-18,1.989583,47.75,7555.3501,7555.0,0.0396,20.5747,355
2026-09-16,SPXW,PM,2026-09-21,4.989583,119.75,7555.5003,7555.0,0.0396,15.8802,214
2026-09-16,SPXW,PM,2026-09-22,5.989583,143.75,7556.4009,7555.0,0.0396,16.2887,214
2026-09-16,SPXW,PM,2026-09-23,6.989583,167.75,7557.3518,7555.0,0.0396,16.68,192
2026-09-16,SPXW,PM,2026-09-24,7.989583,191.75,7558.0984,7555.0,0.0396,17.0317,192
2026-09-16,SPXW,PM,2026-09-25,8.989583,215.75,7560.5505,7560.0,0.0396,17.3974,282
2026-09-16,SPXW,PM,2026-09-28,11.989583,287.75,7561.4018,7560.0,0.0396,16.3421,188
2026-09-16,SPXW,PM,2026-09-29,12.989583,311.75,7562.3032,7560.0,0.0396,16.6017,186
2026-09-16,SPXW,PM,2026-09-30,13.989583,335.75,7562.4036,7560.0,0.0396,16.9823,550
2026-09-16,SPXW,PM,2026-10-01,14.989583,359.75,7564.0985,7560.0,0.0396,17.164,168
2026-09-16,SPXW,PM,2026-10-02,15.989583,383.75,7566.1019,7565.0,0.0396,17.464,245
2026-09-16,SPXW,PM,2026-10-05,18.989583,455.75,7566.9039,7565.0,0.0396,16.8698,163
2026-09-16,SPXW,PM,2026-10-06,19.989583,479.75,7567.3551,7565.0,0.0396,17.0512,159
2026-09-16,SPXW,PM,2026-10-07,20.989583,503.75,7568.0957,7560.0,0.0396,17.215,134
2026-09-16,SPXW,PM,2026-10-08,21.989583,527.75,7568.7971,7560.0,0.0396,17.352,134
2026-09-16,SPXW,PM,2026-10-09,22.989583,551.75,7571.604,7570.0,0.0396,17.5286,207
2026-09-16,SPXW,PM,2026-10-12,25.989583,623.75,7571.6547,7570.0,0.0396,17.0845,128
2026-09-16,SPXW,PM,2026-10-13,26.989583,647.75,7572.5428,7570.0,0.0396,17.2623,127
2026-09-16,SPXW,PM,2026-10-14,27.989583,671.75,7573.4453,7570.0,0.0396,17.529,115
2026-09-16,SPXW,PM,2026-10-15,28.989583,695.75,7573.8464,7570.0,0.0396,17.6673,114
2026-09-16,SPX,AM,2026-10-16,29.71875,713.25,7576.8058,7575.0,0.0396,17.7022,447
2026-09-16,SPXW,PM,2026-10-16,29.989583,719.75,7576.5551,7575.0,0.0396,17.8098,400
2026-09-16,SPXW,PM,2026-10-19,32.989583,791.75,7577.509,7575.0,0.03966708,17.4519,112
2026-09-16,SPXW,PM,2026-10-20,33.989583,815.75,7578.3941,7575.0,0.03969336,17.5325,105
2026-09-16,SPXW,PM,2026-10-21,34.989583,839.75,7579.216,7575.0,0.03971964,17.6602,68
2026-09-16,SPXW,PM,2026-10-22,35.989583,863.75,7580.0196,7575.0,0.03974593,17.7534,69
2026-09-16,SPXW,PM,2026-10-23,36.989583,887.75,7582.6105,7580.0,0.03977221,17.8347,162
2026-09-16,SPXW,PM,2026-10-30,43.989583,1055.75,7588.2416,7585.0,0.03995619,18.304,483
2026-09-16,SPXW,PM,2026-11-03,48.03125,1152.75,7590.2487,7575.0,0.04010924,18.148,84
2026-09-16,SPXW,PM,2026-11-04,49.03125,1176.75,7591.0519,7575.0,0.04015524,18.338,87
2026-09-16,SPXW,PM,2026-11-06,51.03125,1224.75,7594.4248,7590.0,0.04024723,18.5591,120
2026-09-16,SPX,AM,2026-11-20,64.760417,1554.25,7602.216,7600.0,0.04078936,18.9551,420
2026-09-16,SPXW,PM,2026-11-20,65.03125,1560.75,7601.9642,7600.0,0.04079559,18.8684,357
2026-09-16,SPXW,PM,2026-11-30,75.03125,1800.75,7608.5377,7605.0,0.04102556,18.669,480
2026-09-16,SPX,AM,2026-12-18,92.760417,2226.25,7622.1728,7620.0,0.04144757,19.7408,404
2026-09-16,SPXW,PM,2026-12-18,93.03125,2232.75,7621.9202,7620.0,0.04145647,19.4354,266
2026-09-16,SPXW,PM,2026-12-31,106.03125,2544.75,7634.8988,7630.0,0.04188357,19.5325,559
2026-09-16,SPX,AM,2027-01-15,120.760417,2898.25,7653.1945,7650.0,0.04236749,20.1344,238
2026-09-16,SPXW,PM,2027-01-15,121.03125,2904.75,7652.8903,7650.0,0.04237639,19.5862,141
2026-09-16,SPXW,PM,2027-01-29,135.03125,3240.75,7664.5203,7660.0,0.04235637,19.7703,206
2026-09-16,SPX,AM,2027-02-19,155.760417,3738.25,7681.262,7675.0,0.04228826,20.6547,225
2026-09-16,SPXW,PM,2027-02-26,163.03125,3912.75,7686.9428,7680.0,0.04226437,19.8994,163
2026-09-16,SPX,AM,2027-03-19,183.71875,4409.25,7702.3494,7700.0,0.04221377,21.029,225
2026-09-16,SPXW,PM,2027-03-31,195.989583,4703.75,7710.6138,7710.0,0.04236832,20.2738,490
2026-09-16,SPX,AM,2027-04-16,211.71875,5081.25,7729.2025,7725.0,0.04256641,21.2508,220
2026-09-16,SPX,AM,2027-05-21,246.71875,5921.25,7760.5009,7750.0,0.0430072,21.5339,216
2026-09-16,SPX,AM,2027-06-17,273.71875,6569.25,7784.2457,7775.0,0.04334725,21.7055,238
2026-09-16,SPXW,PM,2027-06-30,286.989583,6887.75,7793.9464,7775.0,0.04351438,20.5668,416
2026-09-16,SPX,AM,2027-07-16,302.71875,7265.25,7812.443,7800.0,0.04371247,21.3109,204
2026-09-16,SPX,AM,2027-08-20,337.71875,8105.25,7845.5728,7825.0,0.04415327,21.4611,202
2026-09-16,SPX,AM,2027-09-17,365.71875,8777.25,7869.8766,7850.0,0.04450372,22.0762,209
2026-09-16,SPX,AM,2027-12-17,456.760417,10962.25,7956.2435,7950.0,0.04522657,22.3122,145
2026-09-16,SPX,AM,2028-06-16,638.71875,15329.25,8138.3894,8125.0,0.04667128,20.7468,199
2026-09-16,SPX,AM,2028-12-15,820.760417,19698.25,8315.7485,8300.0,0.0475977,23.0427,134
2026-09-16,SPX,AM,2029-12-21,1191.760417,28602.25,8700.878,8700.0,0.04825257,23.0381,90
2026-09-16,SPX,AM,2030-12-20,1555.760417,37338.25,9109.3939,9000.0,0.04845189,32.9447,93
2026-09-16,SPX,AM,2031-12-19,1919.760417,46074.25,9547.0299,9200.0,0.04870241,23.0185,35
2026-09-17,SPX,AM,2026-09-18,0.71875,17.25,7637.7998,7635.0,0.0397,14.6101,225
2026-09-17,SPXW,PM,2026-09-18,0.989583,23.75,7637.7498,7635.0,0.0397,15.5701,265
2026-09-17,SPXW,PM,2026-09-21,3.989583,95.75,7637.8491,7635.0,0.0397,10.8936,210
2026-09-17,SPXW,PM,2026-09-22,4.989583,119.75,7638.3991,7635.0,0.0397,11.5964,210
2026-09-17,SPXW,PM,2026-09-23,5.989583,143.75,7639.1995,7635.0,0.0397,12.0703,212
2026-09-17,SPXW,PM,2026-09-24,6.989583,167.75,7640.0,7640.0,0.0397,12.5731,191
2026-09-17,SPXW,PM,2026-09-25,7.989583,191.75,7642.5022,7640.0,0.0397,13.1436,280
2026-09-17,SPXW,PM,2026-09-28,10.989583,263.75,7643.1478,7640.0,0.0397,12.5158,189
2026-09-17,SPXW,PM,2026-09-29,11.989583,287.75,7643.9987,7640.0,0.0397,12.9124,189
2026-09-17,SPXW,PM,2026-09-30,12.989583,311.75,7644.1488,7640.0,0.0397,13.3742,548
2026-09-17,SPXW,PM,2026-10-01,13.989583,335.75,7645.7011,7645.0,0.0397,13.7104,171
2026-09-17,SPXW,PM,2026-10-02,14.989583,359.75,7647.5961,7645.0,0.0397,14.1528,248
2026-09-17,SPXW,PM,2026-10-05,17.989583,431.75,7648.4971,7645.0,0.0397,13.7724,165
2026-09-17,SPXW,PM,2026-10-06,18.989583,455.75,7648.7975,7645.0,0.0397,14.0339,161
2026-09-17,SPXW,PM,2026-10-07,19.989583,479.75,7649.5991,7640.0,0.0397,14.2627,158
2026-09-17,SPXW,PM,2026-10-08,20.989583,503.75,7650.2506,7650.0,0.0397,14.4949,135
2026-09-17,SPXW,PM,2026-10-09,21.989583,527.75,7653.0955,7650.0,0.0397,14.715,208
2026-09-17,SPXW,PM,2026-10-12,24.989583,599.75,7653.2588,7650.0,0.0397,14.4894,128
2026-09-17,SPXW,PM,2026-10-13,25.989583,623.75,7654.1116,7650.0,0.0397,14.69,126
2026-09-17,SPXW,PM,2026-10-14,26.989583,647.75,7654.9646,7650.0,0.0397,15.0882,128
2026-09-17,SPXW,PM,2026-10-15,27.989583,671.75,7655.3358,7650.0,0.0397,15.2929,115
2026-09-17,SPX,AM,2026-10-16,28.71875,689.25,7658.4953,7655.0,0.0397,15.3519,446
2026-09-17,SPXW,PM,2026-10-16,28.989583,695.75,7658.094,7655.0,0.0397,15.4629,394
2026-09-17,SPXW,PM,2026-10-19,31.989583,767.75,7659.0969,7650.0,0.0397102,15.2571,114
2026-09-17,SPXW,PM,2026-10-20,32.989583,791.75,7659.9356,7650.0,0.03971677,15.3524,106
2026-09-17,SPXW,PM,2026-10-21,33.989583,815.75,7660.7898,7650.0,0.03972334,15.5013,105
2026-09-17,SPXW,PM,2026-10-22,34.989583,839.75,7661.5941,7650.0,0.03972991,15.6484,67
2026-09-17,SPXW,PM,2026-10-23,35.989583,863.75,7664.2165,7660.0,0.03973648,15.7691,164
2026-09-17,SPXW,PM,2026-10-26,38.989583,935.75,7664.7566,7650.0,0.03975619,15.602,68
2026-09-17,SPXW,PM,2026-10-30,42.989583,1031.75,7669.8493,7665.0,0.03978248,16.5043,482
2026-09-17,SPXW,PM,2026-11-03,47.03125,1128.75,7671.7835,7650.0,0.03989938,16.434,85
2026-09-17,SPXW,PM,2026-11-04,48.03125,1152.75,7672.8387,7650.0,0.03997166,16.6812,88
2026-09-17,SPXW,PM,2026-11-06,50.03125,1200.75,7676.7094,7675.0,0.04011622,16.9157,121
2026-09-17,SPX,AM,2026-11-20,63.760417,1530.25,7684.295,7680.0,0.04092844,17.4332,421
2026-09-17,SPXW,PM,2026-11-20,64.03125,1536.75,7683.9928,7680.0,0.04093111,17.4098,356
2026-09-17,SPXW,PM,2026-11-30,74.03125,1776.75,7690.605,7690.0,0.04102967,17.332,481
2026-09-17,SPX,AM,2026-12-18,91.760417,2202.25,7704.7979,7700.0,0.04121619,18.5542,404
2026-09-17,SPXW,PM,2026-12-18,92.03125,2208.75,7704.547,7700.0,0.04122598,18.3088,266
2026-09-17,SPXW,PM,2026-12-31,105.03125,2520.75,7717.5204,7715.0,0.04169579,18.4853,559
2026-09-17,SPX,AM,2027-01-15,119.760417,2874.25,7736.0014,7725.0,0.0422281,19.1158,237
2026-09-17,SPXW,PM,2027-01-15,120.03125,2880.75,7735.5455,7725.0,0.04223789,18.6799,141
2026-09-17,SPXW,PM,2027-01-29,134.03125,3216.75,7747.3086,7740.0,0.04223948,18.9267,206
2026-09-17,SPX,AM,2027-02-19,154.760417,3714.25,7764.2598,7750.0,0.04213732,19.8017,225
2026-09-17,SPXW,PM,2027-02-19,155.03125,3720.75,7763.8014,7750.0,0.04213599,19.0842,134
2026-09-17,SPXW,PM,2027-02-26,162.03125,3888.75,7769.6943,7760.0,0.04210149,19.1768,163
2026-09-17,SPX,AM,2027-03-19,182.71875,4385.25,7785.3146,7775.0,0.04200103,20.2818,225
2026-09-17,SPXW,PM,2027-03-31,194.989583,4679.75,7793.6704,7790.0,0.04213541,19.6496,490
2026-09-17,SPX,AM,2027-04-16,210.71875,5057.25,7812.2967,7800.0,0.04230767,20.5924,220
2026-09-17,SPX,AM,2027-05-21,245.71875,5897.25,7843.8251,7825.0,0.04269097,21.0584,217
2026-09-17,SPX,AM,2027-06-17,272.71875,6545.25,7867.4101,7850.0,0.04298665,21.2208,238
2026-09-17,SPXW,PM,2027-06-30,285.989583,6863.75,7876.655,7875.0,0.04313199,20.1639,416
2026-09-17,SPX,AM,2027-07-16,301.71875,7241.25,7895.3878,7875.0,0.04330424,20.9045,204
2026-09-17,SPX,AM,2027-08-20,336.71875,8081.25,7928.0193,7925.0,0.04368754,21.1142,202
2026-09-17,SPX,AM,2027-09-17,364.71875,8753.25,7952.1944,7950.0,0.04399418,21.7167,209
2026-09-17,SPX,AM,2027-10-15,392.71875,9425.25,7980.7679,7975.0,0.04420305,20.4441,198
2026-09-17,SPX,AM,2027-12-17,455.760417,10938.25,8037.7346,8000.0,0.04466907,22.0706,145
2026-09-17,SPX,AM,2028-01-21,490.760417,11778.25,8079.196,8075.0,0.0449278,20.5063,198
2026-09-17,SPX,AM,2028-06-16,637.71875,15305.25,8217.9559,8200.0,0.04601414,20.6355,199
2026-09-17,SPX,AM,2028-12-15,819.760417,19674.25,8394.3335,8350.0,0.04689551,22.8726,135
2026-09-17,SPX,AM,2029-12-21,1190.760417,28578.25,8778.63,8700.0,0.04753902,22.8598,90
2026-09-17,SPX,AM,2030-12-20,1554.760417,37314.25,9174.5151,9000.0,0.04768851,23.2659,86
2026-09-17,SPX,AM,2031-12-19,1918.760417,46050.25,9606.5604,9600.0,0.04790131,22.8218,34
2026-09-18,SPXW,PM,2026-09-21,2.989583,71.75,7658.7996,7655.0,0.0397,7.8023,173
2026-09-18,SPXW,PM,2026-09-22,3.989583,95.75,7659.5498,7655.0,0.0397,9.538,202
2026-09-18,SPXW,PM,2026-09-23,4.989583,119.75,7660.3502,7660.0,0.0397,10.3854,208
2026-09-18,SPXW,PM,2026-09-24,5.989583,143.75,7661.1507,7660.0,0.0397,11.0551,198
2026-09-18,SPXW,PM,2026-09-25,6.989583,167.75,7663.699,7660.0,0.0397,11.6402,270
2026-09-18,SPXW,PM,2026-09-28,9.989583,239.75,7664.5495,7660.0,0.0397,11.1078,186
2026-09-18,SPXW,PM,2026-09-29,10.989583,263.75,7665.3504,7665.0,0.0397,11.605,189
2026-09-18,SPXW,PM,2026-09-30,11.989583,287.75,7665.5507,7665.0,0.0397,12.1753,528
2026-09-18,SPXW,PM,2026-10-01,12.989583,311.75,7667.103,7665.0,0.0397,12.5751,179
2026-09-18,SPXW,PM,2026-10-02,13.989583,335.75,7668.9985,7665.0,0.0397,13.0058,246
2026-09-18,SPXW,PM,2026-10-05,16.989583,407.75,7669.9499,7665.0,0.0397,12.756,166
2026-09-18,SPXW,PM,2026-10-06,17.989583,431.75,7670.2505,7670.0,0.0397,13.0197,164
2026-09-18,SPXW,PM,2026-10-07,18.989583,455.75,7671.0021,7670.0,0.0397,13.2849,164
2026-09-18,SPXW,PM,2026-10-08,19.989583,479.75,7671.8039,7670.0,0.0397,13.5409,153
2026-09-18,SPXW,PM,2026-10-09,20.989583,503.75,7674.5991,7670.0,0.0397,13.7842,206
2026-09-18,SPXW,PM,2026-10-12,23.989583,575.75,7674.4987,7670.0,0.0397,13.6454,130
2026-09-18,SPXW,PM,2026-10-13,24.989583,599.75,7675.5014,7675.0,0.0397,13.8454,129
2026-09-18,SPXW,PM,2026-10-14,25.989583,623.75,7676.3538,7675.0,0.0397,14.263,131
2026-09-18,SPXW,PM,2026-10-15,26.989583,647.75,7676.7551,7675.0,0.0397,14.4977,124
2026-09-18,SPX,AM,2026-10-16,27.71875,665.25,7679.5486,7675.0,0.0397,14.616,441
2026-09-18,SPXW,PM,2026-10-16,27.989583,671.75,7679.5486,7675.0,0.0397,14.7204,393
2026-09-18,SPXW,PM,2026-10-19,30.989583,743.75,7680.5017,7680.0,0.03970363,14.4803,112
2026-09-18,SPXW,PM,2026-10-20,31.989583,767.75,7681.4049,7680.0,0.0397102,14.6596,113
2026-09-18,SPXW,PM,2026-10-21,32.989583,791.75,7682.3083,7680.0,0.03971677,14.8252,114
2026-09-18,SPXW,PM,2026-10-22,33.989583,815.75,7683.0613,7680.0,0.03972334,14.9787,105
2026-09-18,SPXW,PM,2026-10-23,34.989583,839.75,7685.5832,7680.0,0.03972991,15.1453,163
2026-09-18,SPXW,PM,2026-10-26,37.989583,911.75,7686.146,7675.0,0.03974962,15.006,67
2026-09-18,SPXW,PM,2026-10-27,38.989583,935.75,7687.0009,7675.0,0.03975619,15.1408,65
2026-09-18,SPXW,PM,2026-10-30,41.989583,1007.75,7691.1553,7690.0,0.03977591,15.9734,481
2026-09-18,SPXW,PM,2026-11-03,46.03125,1104.75,7693.1658,7675.0,0.03982957,15.9299,85
2026-09-18,SPXW,PM,2026-11-04,47.03125,1128.75,7693.9691,7675.0,0.03990842,16.2082,88
2026-09-18,SPXW,PM,2026-11-06,49.03125,1176.75,7697.2352,7690.0,0.04006612,16.4462,120
2026-09-18,SPX,AM,2026-11-20,62.760417,1506.25,7705.2014,7705.0,0.04102478,17.0745,419
2026-09-18,SPXW,PM,2026-11-20,63.03125,1512.75,7705.4028,7705.0,0.04102834,17.0308,355
2026-09-18,SPXW,PM,2026-11-30,73.03125,1752.75,7711.8149,7710.0,0.04115975,16.9784,480
2026-09-18,SPX,AM,2026-12-18,90.760417,2178.25,7725.7072,7725.0,0.04139274,18.2471,404
2026-09-18,SPXW,PM,2026-12-18,91.03125,2184.75,7725.8083,7725.0,0.0413963,18.0128,266
2026-09-18,SPXW,PM,2026-12-31,104.03125,2496.75,7738.6338,7735.0,0.04181786,18.2234,559
2026-09-18,SPX,AM,2027-01-15,118.760417,2850.25,7756.5394,7750.0,0.04230178,18.899,237
2026-09-18,SPXW,PM,2027-01-15,119.03125,2856.75,7756.5396,7750.0,0.04231068,18.4667,141
2026-09-18,SPXW,PM,2027-01-29,133.03125,3192.75,7768.3243,7760.0,0.0424,18.7462,206
2026-09-18,SPX,AM,2027-02-19,153.760417,3690.25,7785.0784,7775.0,0.0424,19.6688,226
2026-09-18,SPXW,PM,2027-02-19,154.03125,3696.75,7784.8751,7775.0,0.0424,18.9505,134
2026-09-18,SPXW,PM,2027-02-26,161.03125,3864.75,7790.917,7790.0,0.0424,19.0616,163
2026-09-18,SPX,AM,2027-03-19,181.71875,4361.25,7806.2301,7800.0,0.0424,20.1834,225
2026-09-18,SPXW,PM,2027-03-31,193.989583,4655.75,7815.0511,7815.0,0.04252446,19.5605,490
2026-09-18,SPX,AM,2027-04-16,209.71875,5033.25,7833.5574,7825.0,0.04269671,20.5277,220
2026-09-18,SPX,AM,2027-05-21,244.71875,5873.25,7865.7877,7850.0,0.04308001,21.0047,217
2026-09-18,SPX,AM,2027-06-17,271.71875,6521.25,7889.6202,7875.0,0.0433757,21.1976,238
2026-09-18,SPXW,PM,2027-06-30,284.989583,6839.75,7899.6379,7895.0,0.04352104,20.1261,416
2026-09-18,SPX,AM,2027-07-16,300.71875,7217.25,7917.9508,7900.0,0.04369329,20.8866,204
2026-09-18,SPX,AM,2027-08-20,335.71875,8057.25,7951.2496,7950.0,0.04407659,21.1176,202
2026-09-18,SPX,AM,2027-09-17,363.71875,8729.25,7976.3065,7975.0,0.04438323,21.7411,209
2026-09-18,SPX,AM,2027-10-15,391.71875,9401.25,8004.8782,8000.0,0.0446319,20.4636,198
2026-09-18,SPX,AM,2027-12-17,454.760417,10914.25,8063.8057,8050.0,0.04518421,22.1194,145
2026-09-18,SPX,AM,2028-01-21,489.760417,11754.25,8105.9525,8100.0,0.04549085,20.542,198
2026-09-18,SPX,AM,2028-06-16,636.71875,15281.25,8249.5117,8225.0,0.04677837,20.7158,199
2026-09-18,SPX,AM,2028-12-15,818.760417,19650.25,8430.6319,8400.0,0.04776915,22.9378,135
2026-09-18,SPX,AM,2029-12-21,1189.760417,28554.25,8822.184,8800.0,0.04833861,22.6609,89
2026-09-18,SPX,AM,2030-12-20,1553.760417,37290.25,9228.7646,9200.0,0.04848809,21.5961,86
2026-09-18,SPX,AM,2031-12-19,1917.760417,46026.25,9670.129,9600.0,0.04868769,22.832,34
2026-09-21,SPXW,PM,2026-09-22,0.989583,23.75,7764.1499,7760.0,0.0396,11.8762,200
2026-09-21,SPXW,PM,2026-09-23,1.989583,47.75,7764.6999,7760.0,0.0396,12.0565,204
2026-09-21,SPXW,PM,2026-09-24,2.989583,71.75,7765.3501,7765.0,0.0396,12.5074,204
2026-09-21,SPXW,PM,2026-09-25,3.989583,95.75,7767.9991,7765.0,0.0396,12.8899,267
2026-09-21,SPXW,PM,2026-09-28,6.989583,167.75,7768.7491,7765.0,0.0396,11.3507,189
2026-09-21,SPXW,PM,2026-09-29,7.989583,191.75,7769.5997,7765.0,0.0396,11.814,191
2026-09-21,SPXW,PM,2026-09-30,8.989583,215.75,7769.7998,7765.0,0.0396,12.3428,539
2026-09-21,SPXW,PM,2026-10-01,9.989583,239.75,7771.4015,7770.0,0.0396,12.6536,178
2026-09-21,SPXW,PM,2026-10-02,10.989583,263.75,7773.298,7770.0,0.0396,13.1806,249
2026-09-21,SPXW,PM,2026-10-05,13.989583,335.75,7774.1988,7770.0,0.0396,12.6156,168
2026-09-21,SPXW,PM,2026-10-06,14.989583,359.75,7774.4491,7770.0,0.0396,12.8937,167
2026-09-21,SPXW,PM,2026-10-07,15.989583,383.75,7775.2003,7775.0,0.0396,13.1525,167
2026-09-21,SPXW,PM,2026-10-08,16.989583,407.75,7775.9518,7775.0,0.0396,13.4214,155
2026-09-21,SPXW,PM,2026-10-09,17.989583,431.75,7778.8478,7775.0,0.0396,13.6527,207
2026-09-21,SPXW,PM,2026-10-12,20.989583,503.75,7778.8474,7775.0,0.0396,13.4124,129
2026-09-21,SPXW,PM,2026-10-13,21.989583,527.75,7779.6993,7775.0,0.0396,13.7007,131
2026-09-21,SPXW,PM,2026-10-14,22.989583,551.75,7780.7017,7780.0,0.0396,14.1249,131
2026-09-21,SPXW,PM,2026-10-15,23.989583,575.75,7781.1029,7780.0,0.0396,14.3642,123
2026-09-21,SPX,AM,2026-10-16,24.71875,593.25,7784.0976,7780.0,0.0396,14.4612,452
2026-09-21,SPXW,PM,2026-10-16,24.989583,599.75,7783.9973,7780.0,0.0396,14.5843,422
2026-09-21,SPXW,PM,2026-10-19,27.989583,671.75,7784.8298,7775.0,0.0396,14.3455,114
2026-09-21,SPXW,PM,2026-10-20,28.989583,695.75,7785.6334,7775.0,0.0396,14.4875,114
2026-09-21,SPXW,PM,2026-10-21,29.989583,719.75,7786.5375,7775.0,0.0396,14.6417,115
2026-09-21,SPXW,PM,2026-10-22,30.989583,743.75,7787.3414,7775.0,0.03962177,14.8084,106
2026-09-21,SPXW,PM,2026-10-23,31.989583,767.75,7790.0,7790.0,0.03966119,14.9832,164
2026-09-21,SPXW,PM,2026-10-26,34.989583,839.75,7790.5641,7775.0,0.03977947,14.8462,68
2026-09-21,SPXW,PM,2026-10-27,35.989583,863.75,7791.4666,7775.0,0.03981889,14.9882,66
2026-09-21,SPXW,PM,2026-10-28,36.989583,887.75,7792.3692,7775.0,0.03985832,15.318,68
2026-09-21,SPXW,PM,2026-10-30,38.989583,935.75,7795.703,7795.0,0.03993717,15.8408,480
2026-09-21,SPXW,PM,2026-11-03,43.03125,1032.75,7797.6891,7775.0,0.04009651,15.7949,86
2026-09-21,SPXW,PM,2026-11-04,44.03125,1056.75,7798.5932,7775.0,0.04013593,16.06,89
2026-09-21,SPXW,PM,2026-11-06,46.03125,1104.75,7802.0604,7800.0,0.04021971,16.336,122
2026-09-21,SPX,AM,2026-11-20,59.760417,1434.25,7810.151,7810.0,0.04094141,16.9128,434
2026-09-21,SPXW,PM,2026-11-20,60.03125,1440.75,7810.302,7810.0,0.04095565,16.8969,390
2026-09-21,SPXW,PM,2026-11-30,70.03125,1680.75,7816.9655,7815.0,0.04121057,16.8278,482
2026-09-21,SPX,AM,2026-12-18,87.760417,2106.25,7831.3131,7830.0,0.04161831,18.074,430
2026-09-21,SPXW,PM,2026-12-18,88.03125,2112.75,7831.2626,7830.0,0.04162454,17.8696,341
2026-09-21,SPXW,PM,2026-12-31,101.03125,2424.75,7844.2918,7840.0,0.04198737,18.0832,616
2026-09-21,SPX,AM,2027-01-15,115.760417,2778.25,7862.4832,7860.0,0.0424229,18.7299,387
2026-09-21,SPXW,PM,2027-01-15,116.03125,2784.75,7862.4833,7860.0,0.0424309,18.3425,270
2026-09-21,SPXW,PM,2027-01-29,130.03125,3120.75,7874.3908,7870.0,0.0426136,18.6427,206
2026-09-21,SPX,AM,2027-02-19,150.760417,3618.25,7891.4249,7890.0,0.04264766,19.4466,343
2026-09-21,SPXW,PM,2027-02-19,151.03125,3624.75,7891.2469,7875.0,0.0426481,18.8806,134
2026-09-21,SPXW,PM,2027-02-26,158.03125,3792.75,7897.3006,7875.0,0.0426596,18.9898,163
2026-09-21,SPX,AM,2027-03-19,178.71875,4289.25,7913.1039,7900.0,0.04269358,20.0847,225
2026-09-21,SPXW,PM,2027-03-31,190.989583,4583.75,7921.9941,7920.0,0.04278244,19.5148,490
2026-09-21,SPX,AM,2027-04-16,206.71875,4961.25,7940.8809,7925.0,0.04293747,20.4492,220
2026-09-21,SPX,AM,2027-05-21,241.71875,5801.25,7973.4049,7950.0,0.04328244,20.9201,216
2026-09-21,SPX,AM,2027-06-17,268.71875,6449.25,7997.9865,7975.0,0.04354856,21.1789,238
2026-09-21,SPXW,PM,2027-06-30,281.989583,6767.75,8007.7245,8005.0,0.04367936,20.1668,416
2026-09-21,SPX,AM,2027-07-16,297.71875,7145.25,8026.7101,8025.0,0.04383439,20.9245,204
2026-09-21,SPX,AM,2027-08-20,332.71875,7985.25,8060.6192,8050.0,0.04417936,21.1744,202
2026-09-21,SPX,AM,2027-09-17,360.71875,8657.25,8085.7104,8075.0,0.04445534,21.7778,209
2026-09-21,SPXW,PM,2027-09-30,373.989583,8975.75,8097.0168,8075.0,0.04457418,20.3915,135
2026-09-21,SPX,AM,2027-10-15,388.71875,9329.25,8115.0368,8100.0,0.04469919,20.5816,198
2026-09-21,SPX,AM,2027-12-17,451.760417,10842.25,8174.3773,8150.0,0.04523424,22.183,145
2026-09-21,SPX,AM,2028-01-21,486.760417,11682.25,8215.8616,8200.0,0.0455313,20.6845,198
2026-09-21,SPX,AM,2028-06-16,633.71875,15209.25,8361.5511,8350.0,0.04677858,20.8399,199
2026-09-21,SPX,AM,2028-12-15,815.760417,19578.25,8544.4926,8500.0,0.04774006,23.044,135
2026-09-21,SPX,AM,2029-12-21,1186.760417,28482.25,8939.8768,8800.0,0.04821246,22.686,89
2026-09-21,SPX,AM,2030-12-20,1550.760417,37218.25,9348.0731,9200.0,0.04826229,23.4107,86
2026-09-21,SPX,AM,2031-12-19,1914.760417,45954.25,9786.4983,9600.0,0.0483727,22.9776,35
2026-09-22,SPXW,PM,2026-09-23,0.989583,23.75,7766.7002,7765.0,0.0397,10.4862,181
2026-09-22,SPXW,PM,2026-09-24,1.989583,47.75,7767.3005,7765.0,0.0397,11.1573,208
2026-09-22,SPXW,PM,2026-09-25,2.989583,71.75,7769.95,7765.0,0.0397,11.6329,274
2026-09-22,SPXW,PM,2026-09-28,5.989583,143.75,7770.9006,7770.0,0.0397,10.0179,215
2026-09-22,SPXW,PM,2026-09-29,6.989583,167.75,7771.8014,7770.0,0.0397,10.5266,206
2026-09-22,SPXW,PM,2026-09-30,7.989583,191.75,7772.1018,7770.0,0.0397,11.0845,459
2026-09-22,SPXW,PM,2026-10-01,8.989583,215.75,7773.6487,7770.0,0.0397,11.6315,197
2026-09-22,SPXW,PM,2026-10-02,9.989583,239.75,7775.6507,7775.0,0.0397,12.1586,266
2026-09-22,SPXW,PM,2026-10-05,12.989583,311.75,7776.4521,7775.0,0.0397,11.6732,196
2026-09-22,SPXW,PM,2026-10-06,13.989583,335.75,7776.8027,7775.0,0.0397,11.9524,184
2026-09-22,SPXW,PM,2026-10-07,14.989583,359.75,7777.4039,7775.0,0.0397,12.2435,185
2026-09-22,SPXW,PM,2026-10-08,15.989583,383.75,7778.1969,7775.0,0.0397,12.4973,172
2026-09-22,SPXW,PM,2026-10-09,16.989583,407.75,7780.8015,7780.0,0.0397,12.7936,228
2026-09-22,SPXW,PM,2026-10-12,19.989583,479.75,7780.7516,7780.0,0.0397,12.5706,164
2026-09-22,SPXW,PM,2026-10-13,20.989583,503.75,7781.6037,7780.0,0.0397,12.8853,145
2026-09-22,SPXW,PM,2026-10-14,21.989583,527.75,7782.506,7780.0,0.0397,13.3269,144
2026-09-22,SPXW,PM,2026-10-15,22.989583,551.75,7782.9073,7780.0,0.0397,13.5699,137
2026-09-22,SPX,AM,2026-10-16,23.71875,569.25,7785.9525,7785.0,0.0397,13.7066,480
2026-09-22,SPXW,PM,2026-10-16,23.989583,575.75,7785.5013,7785.0,0.0397,13.8288,451
2026-09-22,SPXW,PM,2026-10-19,26.989583,647.75,7786.4897,7780.0,0.0397,13.5763,134
2026-09-22,SPXW,PM,2026-10-20,27.989583,671.75,7787.3419,7780.0,0.0397,13.7434,128
2026-09-22,SPXW,PM,2026-10-21,28.989583,695.75,7788.1943,7780.0,0.0397,13.9221,129
2026-09-22,SPXW,PM,2026-10-22,29.989583,719.75,7788.9967,7780.0,0.0397,14.0838,120
2026-09-22,SPXW,PM,2026-10-23,30.989583,743.75,7791.6054,7790.0,0.03972539,14.2657,177
2026-09-22,SPXW,PM,2026-10-26,33.989583,815.75,7792.2082,7790.0,0.03986338,14.1008,108
2026-09-22,SPXW,PM,2026-10-27,34.989583,839.75,7793.0736,7775.0,0.03990938,14.2984,67
2026-09-22,SPXW,PM,2026-10-28,35.989583,863.75,7793.9261,7775.0,0.03995537,14.6422,68
2026-09-22,SPXW,PM,2026-10-29,36.989583,887.75,7794.8291,7775.0,0.04000137,14.9685,70
2026-09-22,SPXW,PM,2026-10-30,37.989583,911.75,7797.2092,7795.0,0.04004736,15.1999,481
2026-09-22,SPXW,PM,2026-11-03,42.03125,1008.75,7799.347,7775.0,0.04023326,15.2032,86
2026-09-22,SPXW,PM,2026-11-04,43.03125,1032.75,7800.201,7800.0,0.04027926,15.5076,89
2026-09-22,SPXW,PM,2026-11-06,45.03125,1080.75,7803.3667,7800.0,0.04037125,15.7807,121
2026-09-22,SPX,AM,2026-11-20,58.760417,1410.25,7812.0635,7810.0,0.04083053,16.4,459
2026-09-22,SPXW,PM,2026-11-20,59.03125,1416.75,7811.5099,7810.0,0.04083943,16.3759,416
2026-09-22,SPXW,PM,2026-11-30,69.03125,1656.75,7818.0348,7815.0,0.04108758,16.3285,481
2026-09-22,SPX,AM,2026-12-18,86.760417,2082.25,7832.4743,7830.0,0.04149531,17.5934,455
2026-09-22,SPXW,PM,2026-12-18,87.03125,2088.75,7832.0704,7830.0,0.04150154,17.4004,353
2026-09-22,SPXW,PM,2026-12-31,100.03125,2400.75,7845.1012,7845.0,0.04188645,17.6183,616
2026-09-22,SPX,AM,2027-01-15,114.760417,2754.25,7863.9866,7860.0,0.04237036,18.3063,403
2026-09-22,SPXW,PM,2027-01-15,115.03125,2760.75,7863.5471,7860.0,0.04237926,17.9012,270
2026-09-22,SPXW,PM,2027-01-29,129.03125,3096.75,7875.5076,7875.0,0.0426,18.2165,206
2026-09-22,SPX,AM,2027-02-19,149.760417,3594.25,7893.002,7890.0,0.0426,19.0615,344
2026-09-22,SPXW,PM,2027-02-19,150.03125,3600.75,7892.571,7875.0,0.0426,18.471,134
2026-09-22,SPXW,PM,2027-02-26,157.03125,3768.75,7898.676,7875.0,0.0426,18.5939,163
2026-09-22,SPX,AM,2027-03-19,177.71875,4265.25,7914.8925,7900.0,0.0426,19.6868,225
2026-09-22,SPXW,PM,2027-03-31,189.989583,4559.75,7923.4663,7920.0,0.04266855,19.144,490
2026-09-22,SPX,AM,2027-04-16,205.71875,4937.25,7942.5729,7925.0,0.04281497,20.083,220
2026-09-22,SPX,AM,2027-05-21,240.71875,5777.25,7974.8971,7950.0,0.04314078,20.589,216
2026-09-22,SPX,AM,2027-06-17,267.71875,6425.25,7999.8451,7975.0,0.04339211,20.8944,238
2026-09-22,SPXW,PM,2027-06-30,280.989583,6743.75,8009.121,8005.0,0.04351565,19.922,416
2026-09-22,SPX,AM,2027-07-16,296.71875,7121.25,8028.471,8025.0,0.04366206,21.0961,211
2026-09-22,SPX,AM,2027-08-20,331.71875,7961.25,8062.4374,8050.0,0.04398787,21.4012,209
2026-09-22,SPX,AM,2027-09-17,359.71875,8633.25,8087.8307,8075.0,0.04424851,21.5553,209
2026-09-22,SPXW,PM,2027-09-30,372.989583,8951.75,8098.9013,8075.0,0.04435933,20.2261,135
2026-09-22,SPX,AM,2027-10-15,387.71875,9305.25,8116.9799,8100.0,0.04447225,20.4008,198
2026-09-22,SPX,AM,2027-12-17,450.760417,10818.25,8176.7969,8150.0,0.04495552,21.9886,145
2026-09-22,SPX,AM,2028-01-21,485.760417,11658.25,8217.8313,8200.0,0.04522383,20.5307,198
2026-09-22,SPX,AM,2028-06-16,632.71875,15185.25,8363.7841,8350.0,0.04635041,20.7544,199
2026-09-22,SPX,AM,2028-12-15,814.760417,19554.25,8546.6657,8500.0,0.04733069,22.8555,135
2026-09-22,SPX,AM,2029-12-21,1185.760417,28458.25,8935.3419,8800.0,0.04812464,22.6282,89
2026-09-22,SPX,AM,2030-12-20,1549.760417,37194.25,9349.8064,9200.0,0.0482243,22.692,85
2026-09-22,SPX,AM,2031-12-19,1913.760417,45930.25,9789.3078,9600.0,0.04837188,22.9305,34
2026-09-23,SPXW,PM,2026-09-24,0.989583,23.75,7706.8502,7705.0,0.0399,12.7151,180
2026-09-23,SPXW,PM,2026-09-25,1.989583,47.75,7709.6999,7705.0,0.0399,13.492,267
2026-09-23,SPXW,PM,2026-09-28,4.989583,119.75,7710.6003,7710.0,0.0399,10.9832,215
2026-09-23,SPXW,PM,2026-09-29,5.989583,143.75,7711.501,7710.0,0.0399,11.6151,217
2026-09-23,SPXW,PM,2026-09-30,6.989583,167.75,7711.8014,7710.0,0.0399,12.2967,448
2026-09-23,SPXW,PM,2026-10-01,7.989583,191.75,7713.0483,7710.0,0.0399,12.8711,195
2026-09-23,SPXW,PM,2026-10-02,8.989583,215.75,7715.05,7715.0,0.0399,13.4535,263
2026-09-23,SPXW,PM,2026-10-05,11.989583,287.75,7715.801,7715.0,0.0399,12.7931,194
2026-09-23,SPXW,PM,2026-10-06,12.989583,311.75,7716.0515,7715.0,0.0399,13.0473,193
2026-09-23,SPXW,PM,2026-10-07,13.989583,335.75,7716.7026,7715.0,0.0399,13.3099,184
2026-09-23,SPXW,PM,2026-10-08,14.989583,359.75,7717.3038,7715.0,0.0399,13.5944,173
2026-09-23,SPXW,PM,2026-10-09,15.989583,383.75,7719.7997,7715.0,0.0399,13.8983,231
2026-09-23,SPXW,PM,2026-10-12,18.989583,455.75,7719.7996,7715.0,0.0399,13.5797,164
2026-09-23,SPXW,PM,2026-10-13,19.989583,479.75,7720.6013,7720.0,0.0399,13.8592,165
2026-09-23,SPXW,PM,2026-10-14,20.989583,503.75,7721.5034,7720.0,0.0399,14.3508,143
2026-09-23,SPXW,PM,2026-10-15,21.989583,527.75,7721.8043,7720.0,0.0399,14.6054,137
2026-09-23,SPX,AM,2026-10-16,22.71875,545.25,7724.5489,7720.0,0.0399,14.7247,478
2026-09-23,SPXW,PM,2026-10-16,22.989583,551.75,7724.4987,7720.0,0.0399,14.8429,449
2026-09-23,SPXW,PM,2026-10-19,25.989583,623.75,7725.4513,7725.0,0.0399,14.5425,134
2026-09-23,SPXW,PM,2026-10-20,26.989583,647.75,7726.2537,7725.0,0.0399,14.6939,134
2026-09-23,SPXW,PM,2026-10-21,27.989583,671.75,7727.0563,7725.0,0.0399,14.8695,129
2026-09-23,SPXW,PM,2026-10-22,28.989583,695.75,7727.8933,7725.0,0.0399,15.0142,120
2026-09-23,SPXW,PM,2026-10-23,29.989583,719.75,7730.602,7730.0,0.0399,15.1776,176
2026-09-23,SPXW,PM,2026-10-26,32.989583,791.75,7731.2043,7730.0,0.04003415,14.9802,109
2026-09-23,SPXW,PM,2026-10-27,33.989583,815.75,7732.0075,7730.0,0.04008672,15.1036,107
2026-09-23,SPXW,PM,2026-10-28,34.989583,839.75,7732.9305,7725.0,0.04013929,15.4552,68
2026-09-23,SPXW,PM,2026-10-29,35.989583,863.75,7733.8851,7725.0,0.04019185,15.7747,70
2026-09-23,SPXW,PM,2026-10-30,36.989583,887.75,7736.3555,7735.0,0.04024442,16.0021,481
2026-09-23,SPXW,PM,2026-11-03,41.03125,984.75,7738.4476,7725.0,0.04045688,15.9291,85
2026-09-23,SPXW,PM,2026-11-04,42.03125,1008.75,7739.049,7725.0,0.04050945,16.1976,88
2026-09-23,SPXW,PM,2026-11-06,44.03125,1056.75,7742.7133,7740.0,0.04061458,16.4658,131
2026-09-23,SPXW,PM,2026-11-13,51.03125,1224.75,7746.5805,7740.0,0.04080595,16.7037,107
2026-09-23,SPX,AM,2026-11-20,57.760417,1386.25,7750.8555,7750.0,0.0409386,16.9951,458
2026-09-23,SPXW,PM,2026-11-20,58.03125,1392.75,7750.5033,7750.0,0.04094394,16.9745,416
2026-09-23,SPXW,PM,2026-11-30,68.03125,1632.75,7757.0154,7755.0,0.0412116,16.901,480
2026-09-23,SPX,AM,2026-12-18,85.760417,2058.25,7771.4643,7770.0,0.04173583,18.1344,454
2026-09-23,SPXW,PM,2026-12-18,86.03125,2064.75,7771.2119,7770.0,0.04174384,17.9264,353
2026-09-23,SPXW,PM,2026-12-31,99.03125,2376.75,7784.1908,7780.0,0.04217895,18.093,616
2026-09-23,SPX,AM,2027-01-15,113.760417,2730.25,7802.9732,7800.0,0.04271126,18.7624,402
2026-09-23,SPXW,PM,2027-01-15,114.03125,2736.75,7802.4829,7800.0,0.04272105,18.3687,270
2026-09-23,SPXW,PM,2027-01-29,128.03125,3072.75,7814.4669,7810.0,0.04301032,18.6374,206
2026-09-23,SPX,AM,2027-02-19,148.760417,3570.25,7831.9336,7830.0,0.04304437,19.4252,343
2026-09-23,SPXW,PM,2027-02-19,149.03125,3576.75,7831.6661,7825.0,0.04304482,18.8416,134
2026-09-23,SPXW,PM,2027-02-26,156.03125,3744.75,7837.9299,7825.0,0.04305631,18.9449,163
2026-09-23,SPX,AM,2027-03-19,176.71875,4241.25,7853.9822,7850.0,0.0430903,20.0022,225
2026-09-23,SPXW,PM,2027-03-31,188.989583,4535.75,7862.9144,7860.0,0.04316273,19.4483,490
2026-09-23,SPX,AM,2027-04-16,204.71875,4913.25,7882.0185,7875.0,0.04331776,20.3807,220
2026-09-23,SPX,AM,2027-05-21,239.71875,5753.25,7914.9149,7900.0,0.04366273,20.824,216
2026-09-23,SPX,AM,2027-06-17,266.71875,6401.25,7939.9836,7925.0,0.04392885,21.0807,238
2026-09-23,SPXW,PM,2027-06-30,279.989583,6719.75,7949.8966,7945.0,0.04405965,20.086,416
2026-09-23,SPX,AM,2027-07-16,295.71875,7097.25,7969.2994,7950.0,0.04421468,21.2549,211
2026-09-23,SPX,AM,2027-08-20,330.71875,7937.25,8003.8524,8000.0,0.04455965,21.5294,209
2026-09-23,SPX,AM,2027-09-17,358.71875,8609.25,8030.1207,8025.0,0.04483563,21.6636,209
2026-09-23,SPXW,PM,2027-09-30,371.989583,8927.75,8041.5725,8025.0,0.04496643,20.3144,135
2026-09-23,SPX,AM,2027-10-15,386.71875,9281.25,8059.8602,8050.0,0.0451116,20.4786,198
2026-09-23,SPX,AM,2027-12-17,449.760417,10794.25,8121.4768,8100.0,0.04573296,22.0856,145
2026-09-23,SPX,AM,2028-01-21,484.760417,11634.25,8163.7842,8150.0,0.04607793,20.5652,198
2026-09-23,SPX,AM,2028-06-16,631.71875,15161.25,8314.7398,8300.0,0.04752639,20.7335,199
2026-09-23,SPX,AM,2028-12-15,813.760417,19530.25,8505.0169,8500.0,0.04877355,22.9577,135
2026-09-23,SPX,AM,2029-12-21,1184.760417,28434.25,8914.7424,8800.0,0.04972437,22.5004,89
2026-09-23,SPX,AM,2030-12-20,1548.760417,37170.25,9336.0052,9200.0,0.04982403,21.7444,87
2026-09-23,SPX,AM,2031-12-19,1912.760417,45906.25,9787.1076,9600.0,0.04997106,22.2112,35
2026-09-24,SPXW,PM,2026-09-25,0.989583,23.75,7696.9502,7695.0,0.0401,14.3669,201
2026-09-24,SPXW,PM,2026-09-28,3.989583,95.75,7697.799,7695.0,0.0401,11.1208,212
2026-09-24,SPXW,PM,2026-09-29,4.989583,119.75,7698.6993,7695.0,0.0401,12.0841,222
2026-09-24,SPXW,PM,2026-09-30,5.989583,143.75,7698.9993,7695.0,0.0401,12.6949,446
2026-09-24,SPXW,PM,2026-10-01,6.989583,167.75,7700.2502,7700.0,0.0401,13.231,196
2026-09-24,SPXW,PM,2026-10-02,7.989583,191.75,7702.0518,7700.0,0.0401,14.0492,266
2026-09-24,SPXW,PM,2026-10-05,10.989583,263.75,7702.6972,7700.0,0.0401,13.1902,196
2026-09-24,SPXW,PM,2026-10-06,11.989583,287.75,7702.8972,7700.0,0.0401,13.462,194
2026-09-24,SPXW,PM,2026-10-07,12.989583,311.75,7703.4979,7700.0,0.0401,13.7398,186
2026-09-24,SPXW,PM,2026-10-08,13.989583,335.75,7704.1487,7700.0,0.0401,14.0008,173
2026-09-24,SPXW,PM,2026-10-09,14.989583,359.75,7706.4023,7705.0,0.0401,14.3189,232
2026-09-24,SPXW,PM,2026-10-12,17.989583,431.75,7706.4028,7705.0,0.0401,13.9402,170
2026-09-24,SPXW,PM,2026-10-13,18.989583,455.75,7707.2046,7705.0,0.0401,14.2267,171
2026-09-24,SPXW,PM,2026-10-14,19.989583,479.75,7708.0958,7705.0,0.0401,14.7338,162
2026-09-24,SPXW,PM,2026-10-15,20.989583,503.75,7708.4464,7700.0,0.0401,14.9626,137
2026-09-24,SPX,AM,2026-10-16,21.71875,521.25,7711.5036,7710.0,0.0401,15.1026,481
2026-09-24,SPXW,PM,2026-10-16,21.989583,527.75,7711.1528,7710.0,0.0401,15.2258,450
2026-09-24,SPXW,PM,2026-10-19,24.989583,599.75,7711.9554,7710.0,0.0401,14.9094,134
2026-09-24,SPXW,PM,2026-10-20,25.989583,623.75,7712.808,7710.0,0.0401,15.0558,134
2026-09-24,SPXW,PM,2026-10-21,26.989583,647.75,7713.5605,7710.0,0.0401,15.2017,128
2026-09-24,SPXW,PM,2026-10-22,27.989583,671.75,7714.4637,7710.0,0.0401,15.3731,120
2026-09-24,SPXW,PM,2026-10-23,28.989583,695.75,7717.0907,7710.0,0.0401,15.526,175
2026-09-24,SPXW,PM,2026-10-26,31.989583,767.75,7717.5915,7710.0,0.04019179,15.2784,113
2026-09-24,SPXW,PM,2026-10-27,32.989583,791.75,7718.4444,7710.0,0.04025092,15.4272,113
2026-09-24,SPXW,PM,2026-10-28,33.989583,815.75,7719.2974,7710.0,0.04031006,15.745,105
2026-09-24,SPXW,PM,2026-10-29,34.989583,839.75,7720.2818,7700.0,0.0403692,16.0903,68
2026-09-24,SPXW,PM,2026-10-30,35.989583,863.75,7722.8916,7720.0,0.04042834,16.3165,480
2026-09-24,SPXW,PM,2026-11-02,39.03125,936.75,7724.0459,7700.0,0.04060821,16.0616,65
2026-09-24,SPXW,PM,2026-11-03,40.03125,960.75,7725.0,7725.0,0.04066735,16.2123,81
2026-09-24,SPXW,PM,2026-11-04,41.03125,984.75,7726.2055,7725.0,0.04072649,16.4931,84
2026-09-24,SPXW,PM,2026-11-06,43.03125,1032.75,7729.2966,7725.0,0.04084476,16.712,125
2026-09-24,SPXW,PM,2026-11-13,50.03125,1200.75,7733.017,7730.0,0.04122998,17.0487,107
2026-09-24,SPX,AM,2026-11-20,56.760417,1362.25,7737.3149,7735.0,0.04158371,17.3376,457
2026-09-24,SPXW,PM,2026-11-20,57.03125,1368.75,7736.9124,7735.0,0.04159795,17.3212,416
2026-09-24,SPXW,PM,2026-11-30,67.03125,1608.75,7743.3876,7740.0,0.04192136,17.2184,480
2026-09-24,SPX,AM,2026-12-18,84.760417,2034.25,7757.8288,7755.0,0.04227084,18.4539,454
2026-09-24,SPXW,PM,2026-12-18,85.03125,2040.75,7757.4742,7755.0,0.04227618,18.2534,353
2026-09-24,SPXW,PM,2026-12-31,98.03125,2352.75,7770.4046,7770.0,0.04259867,18.425,616
2026-09-24,SPX,AM,2027-01-15,112.760417,2706.25,7788.9359,7785.0,0.04303419,19.0949,403
2026-09-24,SPXW,PM,2027-01-15,113.03125,2712.75,7788.7332,7780.0,0.0430422,18.6466,270
2026-09-24,SPXW,PM,2027-01-29,127.03125,3048.75,7800.6599,7800.0,0.04330868,18.9072,206
2026-09-24,SPX,AM,2027-02-19,147.760417,3546.25,7818.1681,7810.0,0.04334273,19.7181,342
2026-09-24,SPXW,PM,2027-02-19,148.03125,3552.75,7817.825,7800.0,0.04334317,19.0899,134
2026-09-24,SPXW,PM,2027-02-26,155.03125,3720.75,7823.9814,7820.0,0.04335467,19.1917,163
2026-09-24,SPX,AM,2027-03-19,175.71875,4217.25,7840.1974,7825.0,0.04338866,20.2555,225
2026-09-24,SPXW,PM,2027-03-31,187.989583,4511.75,7849.0285,7845.0,0.04344994,19.6647,490
2026-09-24,SPX,AM,2027-04-16,203.71875,4889.25,7867.9813,7850.0,0.04359636,20.5674,220
2026-09-24,SPX,AM,2027-05-21,238.71875,5729.25,7900.9777,7900.0,0.04392216,21.01,216
2026-09-24,SPX,AM,2027-06-17,265.71875,6377.25,7925.6712,7925.0,0.04417349,21.2078,238
2026-09-24,SPXW,PM,2027-06-30,278.989583,6695.75,7935.6207,7935.0,0.04429703,20.2077,416
2026-09-24,SPX,AM,2027-07-16,294.71875,7073.25,7955.3382,7950.0,0.04444345,21.3493,210
2026-09-24,SPX,AM,2027-08-20,329.71875,7913.25,7989.6394,7975.0,0.04476925,21.6537,209
2026-09-24,SPX,AM,2027-09-17,357.71875,8585.25,8015.8029,8000.0,0.04502989,21.7917,209
2026-09-24,SPXW,PM,2027-09-30,370.989583,8903.75,8027.251,8025.0,0.04515657,20.4014,135
2026-09-24,SPX,AM,2027-10-15,385.71875,9257.25,8045.594,8025.0,0.04530175,20.5606,198
2026-09-24,SPX,AM,2027-12-17,448.760417,10770.25,8106.9834,8100.0,0.0459231,22.1538,145
2026-09-24,SPX,AM,2028-01-21,483.760417,11610.25,8149.2557,8125.0,0.04626807,20.6324,198
2026-09-24,SPX,AM,2028-06-16,630.71875,15137.25,8301.0317,8300.0,0.04771653,20.7765,199
2026-09-24,SPX,AM,2028-12-15,812.760417,19506.25,8492.6396,8450.0,0.04897026,23.1444,134
2026-09-24,SPX,AM,2029-12-21,1183.760417,28410.25,8907.6958,8800.0,0.04994819,23.086,90
2026-09-24,SPX,AM,2030-12-20,1547.760417,37146.25,9337.9052,9200.0,0.05014751,21.5745,86
2026-09-24,SPX,AM,2031-12-19,1911.760417,45882.25,9809.6507,9600.0,0.05038194,22.7364,34
2026-09-25,SPXW,PM,2026-09-28,2.989583,71.75,7742.6492,7740.0,0.0404,8.5438,200
2026-09-25,SPXW,PM,2026-09-29,3.989583,95.75,7743.3493,7740.0,0.0404,10.2119,215
2026-09-25,SPXW,PM,2026-09-30,4.989583,119.75,7743.6493,7740.0,0.0404,11.1773,405
2026-09-25,SPXW,PM,2026-10-01,5.989583,143.75,7745.0,7745.0,0.0404,11.7642,208
2026-09-25,SPXW,PM,2026-10-02,6.989583,167.75,7746.7514,7745.0,0.0404,12.6194,262
2026-09-25,SPXW,PM,2026-10-05,9.989583,239.75,7747.5528,7745.0,0.0404,11.7356,193
2026-09-25,SPXW,PM,2026-10-06,10.989583,263.75,7747.6972,7745.0,0.0404,11.9833,191
2026-09-25,SPXW,PM,2026-10-07,11.989583,287.75,7748.3979,7745.0,0.0404,12.3362,185
2026-09-25,SPXW,PM,2026-10-08,12.989583,311.75,7749.0987,7745.0,0.0404,12.646,181
2026-09-25,SPXW,PM,2026-10-09,13.989583,335.75,7751.7026,7750.0,0.0404,12.9373,229
2026-09-25,SPXW,PM,2026-10-12,16.989583,407.75,7751.6531,7750.0,0.0404,12.6431,168
2026-09-25,SPXW,PM,2026-10-13,17.989583,431.75,7752.4549,7750.0,0.0404,12.9693,169
2026-09-25,SPXW,PM,2026-10-14,18.989583,455.75,7753.2964,7750.0,0.0404,13.5073,161
2026-09-25,SPXW,PM,2026-10-15,19.989583,479.75,7753.6971,7750.0,0.0404,13.7723,155
2026-09-25,SPX,AM,2026-10-16,20.71875,497.25,7756.6538,7755.0,0.0404,13.9734,482
2026-09-25,SPXW,PM,2026-10-16,20.989583,503.75,7756.4033,7755.0,0.0404,14.0553,447
2026-09-25,SPXW,PM,2026-10-19,23.989583,575.75,7757.343,7750.0,0.0404,13.8142,135
2026-09-25,SPXW,PM,2026-10-20,24.989583,599.75,7758.1449,7750.0,0.0404,13.9617,134
2026-09-25,SPXW,PM,2026-10-21,25.989583,623.75,7758.947,7750.0,0.0404,14.1781,130
2026-09-25,SPXW,PM,2026-10-22,26.989583,647.75,7759.8496,7750.0,0.0404,14.3542,128
2026-09-25,SPXW,PM,2026-10-23,27.989583,671.75,7762.4576,7760.0,0.0404,14.5501,177
2026-09-25,SPXW,PM,2026-10-26,30.989583,743.75,7763.0605,7760.0,0.04043628,14.3708,117
2026-09-25,SPXW,PM,2026-10-27,31.989583,767.75,7763.9139,7760.0,0.04050198,14.478,113
2026-09-25,SPXW,PM,2026-10-28,32.989583,791.75,7764.8176,7760.0,0.04056769,14.886,107
2026-09-25,SPXW,PM,2026-10-29,33.989583,815.75,7765.7841,7760.0,0.0406334,15.2376,108
2026-09-25,SPXW,PM,2026-10-30,34.989583,839.75,7768.2934,7765.0,0.04069911,15.4955,479
2026-09-25,SPXW,PM,2026-11-02,38.03125,912.75,7769.4263,7750.0,0.04089897,15.2839,64
2026-09-25,SPXW,PM,2026-11-03,39.03125,936.75,7770.43,7750.0,0.04096468,15.4924,85
2026-09-25,SPXW,PM,2026-11-04,40.03125,960.75,7771.3335,7750.0,0.04103039,15.7973,89
2026-09-25,SPXW,PM,2026-11-06,42.03125,1008.75,7774.5479,7770.0,0.04116181,16.0896,131
2026-09-25,SPXW,PM,2026-11-13,49.03125,1176.75,7778.6424,7775.0,0.04153306,16.3824,107
2026-09-25,SPX,AM,2026-11-20,55.760417,1338.25,7782.5846,7780.0,0.04179836,16.7219,458
2026-09-25,SPXW,PM,2026-11-20,56.03125,1344.75,7782.4658,7780.0,0.04180903,16.7116,416
2026-09-25,SPXW,PM,2026-11-30,66.03125,1584.75,7789.0427,7785.0,0.04206776,16.6296,481
2026-09-25,SPX,AM,2026-12-18,83.760417,2010.25,7803.3844,7800.0,0.04230075,17.9346,455
2026-09-25,SPXW,PM,2026-12-18,84.03125,2016.75,7803.1824,7800.0,0.04230431,17.745,353
2026-09-25,SPXW,PM,2026-12-31,97.03125,2328.75,7816.2137,7815.0,0.04255031,17.9302,616
2026-09-25,SPX,AM,2027-01-15,111.760417,2682.25,7834.7467,7830.0,0.04293744,18.6089,402
2026-09-25,SPXW,PM,2027-01-15,112.03125,2688.75,7834.5597,7830.0,0.04294456,18.2197,270
2026-09-25,SPXW,PM,2027-01-29,126.03125,3024.75,7846.6504,7840.0,0.04320703,18.4989,206
2026-09-25,SPX,AM,2027-02-19,146.760417,3522.25,7863.9175,7860.0,0.04324108,19.3016,343
2026-09-25,SPXW,PM,2027-02-19,147.03125,3528.75,7863.6541,7850.0,0.04324153,18.7276,134
2026-09-25,SPXW,PM,2027-02-26,154.03125,3696.75,7869.857,7850.0,0.04325303,18.8296,163
2026-09-25,SPX,AM,2027-03-19,174.71875,4193.25,7886.0261,7875.0,0.04328701,19.8811,225
2026-09-25,SPXW,PM,2027-03-31,186.989583,4487.75,7894.8566,7890.0,0.04334063,19.3337,490
2026-09-25,SPX,AM,2027-04-16,202.71875,4865.25,7913.8335,7900.0,0.04348705,20.2359,220
2026-09-25,SPX,AM,2027-05-21,237.71875,5705.25,7946.1415,7925.0,0.04381285,20.6827,216
2026-09-25,SPX,AM,2027-06-17,264.71875,6353.25,7970.9217,7950.0,0.04406419,20.9357,238
2026-09-25,SPXW,PM,2027-06-30,277.989583,6671.75,7980.7757,7980.0,0.04418772,19.9608,416
2026-09-25,SPX,AM,2027-07-16,293.71875,7049.25,7999.9482,7975.0,0.04433414,21.1365,211
2026-09-25,SPX,AM,2027-08-20,328.71875,7889.25,8034.2132,8025.0,0.04465994,21.4243,209
2026-09-25,SPX,AM,2027-09-17,356.71875,8561.25,8060.0308,8050.0,0.04492059,21.5568,209
2026-09-25,SPXW,PM,2027-09-30,369.989583,8879.75,8071.4412,8050.0,0.04504023,20.2185,135
2026-09-25,SPX,AM,2027-10-15,384.71875,9233.25,8089.4076,8075.0,0.04516524,20.3852,198
2026-09-25,SPX,AM,2027-12-17,447.760417,10746.25,8150.0529,8150.0,0.04570029,21.9079,144
2026-09-25,SPX,AM,2028-01-21,482.760417,11586.25,8192.3484,8175.0,0.04599735,20.5029,198
2026-09-25,SPX,AM,2028-06-16,629.71875,15113.25,8341.2121,8325.0,0.04724464,20.669,199
2026-09-25,SPX,AM,2028-12-15,811.760417,19482.25,8529.7321,8500.0,0.04838922,22.778,135
2026-09-25,SPX,AM,2029-12-21,1182.760417,28386.25,8939.5502,8800.0,0.04944764,23.2317,90
2026-09-25,SPX,AM,2030-12-20,1546.760417,37122.25,9363.0987,9200.0,0.04964696,21.6633,87
2026-09-25,SPX,AM,2031-12-19,1910.760417,45858.25,9830.8096,9600.0,0.04989255,22.9172,34
2026-09-28,SPXW,PM,2026-09-29,0.989583,23.75,7684.0499,7680.0,0.0404,13.3759,143
2026-09-28,SPXW,PM,2026-09-30,1.989583,47.75,7684.4999,7680.0,0.0404,14.444,333
2026-09-28,SPXW,PM,2026-10-01,2.989583,71.75,7685.5002,7685.0,0.0404,14.6048,213
2026-09-28,SPXW,PM,2026-10-02,3.989583,95.75,7687.5989,7685.0,0.0404,15.1201,268
2026-09-28,SPXW,PM,2026-10-05,6.989583,167.75,7688.2987,7685.0,0.0404,13.058,192
2026-09-28,SPXW,PM,2026-10-06,7.989583,191.75,7688.6488,7685.0,0.0404,13.3268,189
2026-09-28,SPXW,PM,2026-10-07,8.989583,215.75,7689.2993,7685.0,0.0404,13.7002,189
2026-09-28,SPXW,PM,2026-10-08,9.989583,239.75,7690.0,7690.0,0.0404,13.9852,184
2026-09-28,SPXW,PM,2026-10-09,10.989583,263.75,7692.4029,7690.0,0.0404,14.2786,237
2026-09-28,SPXW,PM,2026-10-12,13.989583,335.75,7692.3536,7690.0,0.0404,13.7144,168
2026-09-28,SPXW,PM,2026-10-13,14.989583,359.75,7693.1469,7690.0,0.0404,14.051,169
2026-09-28,SPXW,PM,2026-10-14,15.989583,383.75,7694.0984,7690.0,0.0404,14.6141,166
2026-09-28,SPXW,PM,2026-10-15,16.989583,407.75,7694.3488,7690.0,0.0404,14.8633,161
2026-09-28,SPX,AM,2026-10-16,17.71875,425.25,7697.2544,7695.0,0.0404,15.0543,480
2026-09-28,SPXW,PM,2026-10-16,17.989583,431.75,7697.004,7695.0,0.0404,15.1405,445
2026-09-28,SPXW,PM,2026-10-19,20.989583,503.75,7697.8951,7690.0,0.0404,14.7276,134
2026-09-28,SPXW,PM,2026-10-20,21.989583,527.75,7698.6968,7690.0,0.0404,14.8996,133
2026-09-28,SPXW,PM,2026-10-21,22.989583,551.75,7699.4987,7690.0,0.0404,15.0861,132
2026-09-28,SPXW,PM,2026-10-22,23.989583,575.75,7700.4011,7700.0,0.0404,15.2551,130
2026-09-28,SPXW,PM,2026-10-23,24.989583,599.75,7703.0446,7700.0,0.0404,15.421,199
2026-09-28,SPXW,PM,2026-10-26,27.989583,671.75,7703.6112,7700.0,0.0404,15.1768,116
2026-09-28,SPXW,PM,2026-10-27,28.989583,695.75,7704.4643,7700.0,0.0404,15.2655,113
2026-09-28,SPXW,PM,2026-10-28,29.989583,719.75,7705.4349,7700.0,0.0404,15.6498,112
2026-09-28,SPXW,PM,2026-10-29,30.989583,743.75,7706.4378,7700.0,0.04043628,16.0045,113
2026-09-28,SPXW,PM,2026-10-30,31.989583,767.75,7709.0466,7705.0,0.04050198,16.2609,479
2026-09-28,SPXW,PM,2026-11-02,35.03125,840.75,7709.9889,7700.0,0.04070185,16.0538,68
2026-09-28,SPXW,PM,2026-11-03,36.03125,864.75,7711.0946,7700.0,0.04076756,16.1583,84
2026-09-28,SPXW,PM,2026-11-04,37.03125,888.75,7712.0498,7700.0,0.04083326,16.4832,88
2026-09-28,SPXW,PM,2026-11-06,39.03125,936.75,7715.2291,7710.0,0.04096468,16.7483,159
2026-09-28,SPXW,PM,2026-11-13,46.03125,1104.75,7719.3466,7710.0,0.04141478,16.9629,108
2026-09-28,SPX,AM,2026-11-20,52.760417,1266.25,7723.3903,7720.0,0.04168008,17.2363,458
2026-09-28,SPXW,PM,2026-11-20,53.03125,1272.75,7723.0885,7720.0,0.04169076,17.2057,416
2026-09-28,SPXW,PM,2026-11-30,63.03125,1512.75,7729.6474,7725.0,0.04205667,17.0519,480
2026-09-28,SPX,AM,2026-12-18,80.760417,1938.25,7744.2429,7740.0,0.04252266,18.3015,454
2026-09-28,SPXW,PM,2026-12-18,81.03125,1944.75,7743.8896,7740.0,0.04252977,18.0806,353
2026-09-28,SPXW,PM,2026-12-31,94.03125,2256.75,7756.82,7755.0,0.04284466,18.2289,616
2026-09-28,SPX,AM,2027-01-15,108.760417,2610.25,7775.3545,7775.0,0.04308662,18.9128,403
2026-09-28,SPXW,PM,2027-01-15,109.03125,2616.75,7775.1013,7775.0,0.04309107,18.4836,270
2026-09-28,SPXW,PM,2027-01-29,123.03125,2952.75,7787.0573,7780.0,0.04331684,18.7461,206
2026-09-28,SPX,AM,2027-02-19,143.760417,3450.25,7804.3745,7800.0,0.04358925,19.5439,343
2026-09-28,SPXW,PM,2027-02-19,144.03125,3456.75,7804.1711,7800.0,0.04359281,18.9374,134
2026-09-28,SPXW,PM,2027-02-26,151.03125,3624.75,7810.3055,7810.0,0.0436848,19.0362,163
2026-09-28,SPX,AM,2027-03-19,171.71875,4121.25,7826.2761,7825.0,0.04395667,20.0967,225
2026-09-28,SPXW,PM,2027-03-31,183.989583,4415.75,7835.3579,7835.0,0.04411345,19.5156,490
2026-09-28,SPX,AM,2027-04-16,199.71875,4793.25,7854.2005,7850.0,0.04426848,20.423,220
2026-09-28,SPX,AM,2027-05-21,234.71875,5633.25,7886.6803,7875.0,0.04461345,20.849,216
2026-09-28,SPX,AM,2027-06-17,261.71875,6281.25,7911.7212,7900.0,0.04487957,21.0734,238
2026-09-28,SPXW,PM,2027-06-30,274.989583,6599.75,7921.6552,7920.0,0.04501037,20.0759,416
2026-09-28,SPX,AM,2027-07-16,290.71875,6977.25,7940.9295,7925.0,0.0451654,21.2309,211
2026-09-28,SPX,AM,2027-08-20,325.71875,7817.25,7975.4166,7975.0,0.04551037,21.4883,209
2026-09-28,SPX,AM,2027-09-17,353.71875,8489.25,8001.3067,8000.0,0.04578634,21.6125,209
2026-09-28,SPXW,PM,2027-09-30,366.989583,8807.75,8013.1137,8000.0,0.04591572,20.2905,135
2026-09-28,SPX,AM,2027-10-15,381.71875,9161.25,8031.0337,8025.0,0.04604879,20.4386,198
2026-09-28,SPX,AM,2027-12-17,444.760417,10674.25,8092.7496,8050.0,0.04661837,21.999,145
2026-09-28,SPX,AM,2028-01-21,479.760417,11514.25,8134.7323,8125.0,0.04693459,20.5244,198
2026-09-28,SPX,AM,2028-06-16,626.71875,15041.25,8285.2665,8275.0,0.04826235,20.6734,199
2026-09-28,SPX,AM,2028-12-15,808.760417,19410.25,8475.6787,8450.0,0.04939284,22.9063,135
2026-09-28,SPX,AM,2029-12-21,1179.760417,28314.25,8890.0817,8800.0,0.0501575,22.8985,90
2026-09-28,SPX,AM,2030-12-20,1543.760417,37050.25,9320.5445,9200.0,0.05040665,21.8434,88
2026-09-28,SPX,AM,2031-12-19,1907.760417,45786.25,9787.1723,9600.0,0.05070042,22.4282,34
2026-09-29,SPXW,PM,2026-09-30,0.989583,23.75,7676.7002,7675.0,0.0404,13.8796,167
2026-09-29,SPXW,PM,2026-10-01,1.989583,47.75,7677.7995,7675.0,0.0404,14.475,204
2026-09-29,SPXW,PM,2026-10-02,2.989583,71.75,7680.1,7680.0,0.0404,15.1962,270
2026-09-29,SPXW,PM,2026-10-05,5.989583,143.75,7680.8506,7680.0,0.0404,12.7394,215
2026-09-29,SPXW,PM,2026-10-06,6.989583,167.75,7681.1509,7680.0,0.0404,13.061,193
2026-09-29,SPXW,PM,2026-10-07,7.989583,191.75,7681.9017,7680.0,0.0404,13.4229,189
2026-09-29,SPXW,PM,2026-10-08,8.989583,215.75,7682.5976,7680.0,0.0404,13.8335,189
2026-09-29,SPXW,PM,2026-10-09,9.989583,239.75,7685.0501,7685.0,0.0404,14.1548,244
2026-09-29,SPXW,PM,2026-10-12,12.989583,311.75,7685.1001,7685.0,0.0404,13.5452,185
2026-09-29,SPXW,PM,2026-10-13,13.989583,335.75,7685.8513,7685.0,0.0404,13.9113,171
2026-09-29,SPXW,PM,2026-10-14,14.989583,359.75,7686.7529,7685.0,0.0404,14.5294,169
2026-09-29,SPXW,PM,2026-10-15,15.989583,383.75,7687.0035,7685.0,0.0404,14.7877,166
2026-09-29,SPX,AM,2026-10-16,16.71875,401.25,7689.6994,7685.0,0.0404,14.9661,481
2026-09-29,SPXW,PM,2026-10-16,16.989583,407.75,7689.4991,7685.0,0.0404,15.0597,447
2026-09-29,SPXW,PM,2026-10-19,19.989583,479.75,7690.4009,7690.0,0.0404,14.6289,161
2026-09-29,SPXW,PM,2026-10-20,20.989583,503.75,7691.1527,7690.0,0.0404,14.7742,135
2026-09-29,SPXW,PM,2026-10-21,21.989583,527.75,7691.9548,7690.0,0.0404,14.9752,134
2026-09-29,SPXW,PM,2026-10-22,22.989583,551.75,7692.8573,7690.0,0.0404,15.1421,132
2026-09-29,SPXW,PM,2026-10-23,23.989583,575.75,7695.6016,7695.0,0.0404,15.3125,209
2026-09-29,SPXW,PM,2026-10-26,26.989583,647.75,7696.0883,7690.0,0.0404,14.9991,128
2026-09-29,SPXW,PM,2026-10-27,27.989583,671.75,7696.9907,7690.0,0.0404,15.1463,116
2026-09-29,SPXW,PM,2026-10-28,28.989583,695.75,7697.9936,7690.0,0.0404,15.5402,115
2026-09-29,SPXW,PM,2026-10-29,29.989583,719.75,7698.9967,7690.0,0.0404,15.892,115
2026-09-29,SPXW,PM,2026-10-30,30.989583,743.75,7701.5052,7700.0,0.04043628,16.1348,479
2026-09-29,SPXW,PM,2026-11-02,34.03125,816.75,7702.6099,7700.0,0.04063614,15.9096,108
2026-09-29,SPXW,PM,2026-11-03,35.03125,840.75,7703.4635,7700.0,0.04070185,16.0434,85
2026-09-29,SPXW,PM,2026-11-04,36.03125,864.75,7704.4177,7700.0,0.04076756,16.3526,88
2026-09-29,SPXW,PM,2026-11-05,37.03125,888.75,7705.5228,7700.0,0.04083326,16.4489,67
2026-09-29,SPXW,PM,2026-11-06,38.03125,912.75,7707.6902,7700.0,0.04089897,16.6413,167
2026-09-29,SPXW,PM,2026-11-13,45.03125,1080.75,7711.6584,7710.0,0.04135893,16.8529,108
2026-09-29,SPX,AM,2026-11-20,51.760417,1242.25,7715.3018,7715.0,0.04156044,17.1344,458
2026-09-29,SPXW,PM,2026-11-20,52.03125,1248.75,7715.2515,7715.0,0.04156756,17.1111,416
2026-09-29,SPXW,PM,2026-11-30,62.03125,1488.75,7721.7121,7720.0,0.04182659,16.9498,482
2026-09-29,SPX,AM,2026-12-18,79.760417,1914.25,7735.8579,7735.0,0.04223433,18.1564,454
2026-09-29,SPXW,PM,2026-12-18,80.03125,1920.75,7735.656,7735.0,0.04224055,17.9592,353
2026-09-29,SPXW,PM,2026-12-31,93.03125,2232.75,7748.332,7745.0,0.04252823,18.0919,624
2026-09-29,SPX,AM,2027-01-15,107.760417,2586.25,7766.8735,7765.0,0.04277019,18.827,403
2026-09-29,SPXW,PM,2027-01-15,108.03125,2592.75,7766.5567,7760.0,0.04277464,18.3758,270
2026-09-29,SPXW,PM,2027-01-29,122.03125,2928.75,7778.3768,7775.0,0.04300277,18.6516,206
2026-09-29,SPX,AM,2027-02-19,142.760417,3426.25,7795.3725,7790.0,0.04320708,19.4714,344
2026-09-29,SPXW,PM,2027-02-19,143.03125,3432.75,7795.118,7775.0,0.04320975,18.8591,134
2026-09-29,SPXW,PM,2027-02-26,150.03125,3600.75,7801.1706,7800.0,0.04327875,18.9581,163
2026-09-29,SPX,AM,2027-03-19,170.71875,4097.25,7816.9377,7800.0,0.04348265,20.0287,225
2026-09-29,SPXW,PM,2027-03-31,182.989583,4391.75,7825.9199,7825.0,0.04360439,19.4519,490
2026-09-29,SPX,AM,2027-04-16,198.71875,4769.25,7844.3161,7825.0,0.04379387,20.3644,220
2026-09-29,SPX,AM,2027-05-21,233.71875,5609.25,7876.5431,7875.0,0.0442155,20.7954,216
2026-09-29,SPX,AM,2027-06-17,260.71875,6257.25,7900.9291,7900.0,0.04454076,21.0448,238
2026-09-29,SPXW,PM,2027-06-30,273.989583,6575.75,7911.2409,7910.0,0.04470063,20.0558,416
2026-09-29,SPX,AM,2027-07-16,289.71875,6953.25,7930.0777,7925.0,0.04489011,21.2131,211
2026-09-29,SPX,AM,2027-08-20,324.71875,7793.25,7964.1201,7950.0,0.04531174,21.4786,209
2026-09-29,SPX,AM,2027-09-17,352.71875,8465.25,7989.8625,7975.0,0.04564904,21.6067,209
2026-09-29,SPXW,PM,2027-09-30,365.989583,8783.75,8001.8323,8000.0,0.04580628,20.2832,445
2026-09-29,SPX,AM,2027-10-15,380.71875,9137.25,8019.335,8000.0,0.04593129,20.4267,198
2026-09-29,SPX,AM,2027-12-17,443.760417,10650.25,8080.4777,8050.0,0.04646634,22.0007,145
2026-09-29,SPX,AM,2028-01-21,478.760417,11490.25,8122.4482,8100.0,0.0467634,20.5146,198
2026-09-29,SPX,AM,2028-06-16,625.71875,15017.25,8271.5798,8250.0,0.04801069,20.6694,199
2026-09-29,SPX,AM,2028-12-15,807.760417,19386.25,8460.423,8450.0,0.04909037,22.5911,135
2026-09-29,SPX,AM,2029-12-21,1178.760417,28290.25,8872.4281,8800.0,0.04989091,22.9808,90
2026-09-29,SPX,AM,2030-12-20,1542.760417,37026.25,9306.8658,9200.0,0.05028954,32.9235,94
2026-09-29,SPX,AM,2031-12-19,1906.760417,45762.25,9773.6014,9600.0,0.05071021,22.4843,35
2026-09-30,SPXW,PM,2026-10-01,0.989583,23.75,7664.4999,7660.0,0.0402,14.4859,166
2026-09-30,SPXW,PM,2026-10-02,1.989583,47.75,7666.7004,7665.0,0.0402,15.5655,246
2026-09-30,SPXW,PM,2026-10-05,4.989583,119.75,7667.5014,7665.0,0.0402,12.3558,211
2026-09-30,SPXW,PM,2026-10-06,5.989583,143.75,7667.7985,7665.0,0.0402,12.8139,213
2026-09-30,SPXW,PM,2026-10-07,6.989583,167.75,7668.5989,7665.0,0.0402,13.2991,189
2026-09-30,SPXW,PM,2026-10-08,7.989583,191.75,7669.4495,7665.0,0.0402,13.7513,187
2026-09-30,SPXW,PM,2026-10-09,8.989583,215.75,7671.9519,7670.0,0.0402,14.2008,244
2026-09-30,SPXW,PM,2026-10-12,11.989583,287.75,7672.1028,7670.0,0.0402,13.5294,184
2026-09-30,SPXW,PM,2026-10-13,12.989583,311.75,7672.7969,7670.0,0.0402,13.9056,186
2026-09-30,SPXW,PM,2026-10-14,13.989583,335.75,7673.5978,7670.0,0.0402,14.556,167
2026-09-30,SPXW,PM,2026-10-15,14.989583,359.75,7673.6478,7670.0,0.0402,14.866,164
2026-09-30,SPX,AM,2026-10-16,15.71875,377.25,7676.0518,7675.0,0.0402,15.0194,463
2026-09-30,SPXW,PM,2026-10-16,15.989583,383.75,7676.2021,7675.0,0.0402,15.1768,440
2026-09-30,SPXW,PM,2026-10-19,18.989583,455.75,7677.1044,7675.0,0.0402,14.6605,158
2026-09-30,SPXW,PM,2026-10-20,19.989583,479.75,7677.7952,7675.0,0.0402,14.8577,158
2026-09-30,SPXW,PM,2026-10-21,20.989583,503.75,7678.7471,7675.0,0.0402,15.0511,132
2026-09-30,SPXW,PM,2026-10-22,21.989583,527.75,7679.2983,7675.0,0.0402,15.2441,131
2026-09-30,SPXW,PM,2026-10-23,22.989583,551.75,7682.0552,7680.0,0.0402,15.426,206
2026-09-30,SPXW,PM,2026-10-26,25.989583,623.75,7682.5072,7680.0,0.0402,15.1229,127
2026-09-30,SPXW,PM,2026-10-27,26.989583,647.75,7683.4101,7680.0,0.0402,15.2743,126
2026-09-30,SPXW,PM,2026-10-28,27.989583,671.75,7684.213,7680.0,0.0402,15.7119,114
2026-09-30,SPXW,PM,2026-10-29,28.989583,695.75,7685.1345,7680.0,0.0402,16.0655,114
2026-09-30,SPXW,PM,2026-10-30,29.989583,719.75,7687.7426,7685.0,0.0402,16.3413,478
2026-09-30,SPXW,PM,2026-11-02,33.03125,792.75,7688.7956,7680.0,0.04038747,16.1394,106
2026-09-30,SPXW,PM,2026-11-03,34.03125,816.75,7689.7992,7680.0,0.04045975,16.2542,107
2026-09-30,SPXW,PM,2026-11-04,35.03125,840.75,7690.9649,7675.0,0.04053203,16.6406,86
2026-09-30,SPXW,PM,2026-11-05,36.03125,864.75,7691.6165,7675.0,0.04060431,16.7545,69
2026-09-30,SPXW,PM,2026-11-06,37.03125,888.75,7693.8659,7690.0,0.04067659,16.9273,168
2026-09-30,SPXW,PM,2026-11-13,44.03125,1056.75,7697.7388,7690.0,0.04118255,17.1126,118
2026-09-30,SPX,AM,2026-11-20,50.760417,1218.25,7700.8549,7700.0,0.04140062,17.4427,455
2026-09-30,SPXW,PM,2026-11-20,51.03125,1224.75,7701.207,7700.0,0.04140595,17.3934,416
2026-09-30,SPXW,PM,2026-11-27,58.03125,1392.75,7707.0305,7700.0,0.04154394,17.3486,107
2026-09-30,SPXW,PM,2026-11-30,61.03125,1464.75,7707.7846,7705.0,0.04160205,17.2213,482
2026-09-30,SPX,AM,2026-12-18,78.760417,1890.25,7721.7154,7720.0,0.04183504,18.4361,453
2026-09-30,SPXW,PM,2026-12-18,79.03125,1896.75,7721.6146,7720.0,0.0418386,18.2104,353
2026-09-30,SPXW,PM,2026-12-31,92.03125,2208.75,7734.2925,7730.0,0.04202125,18.322,624
2026-09-30,SPX,AM,2027-01-15,106.760417,2562.25,7751.6706,7750.0,0.04245678,19.0081,401
2026-09-30,SPXW,PM,2027-01-15,107.03125,2568.75,7752.0757,7750.0,0.04246478,18.582,269
2026-09-30,SPXW,PM,2027-01-29,121.03125,2904.75,7763.6516,7760.0,0.04287875,18.8343,206
2026-09-30,SPX,AM,2027-02-19,141.760417,3402.25,7779.7458,7775.0,0.04303149,19.6495,340
2026-09-30,SPXW,PM,2027-02-19,142.03125,3408.75,7780.0336,7775.0,0.04303326,19.0219,134
2026-09-30,SPXW,PM,2027-02-26,149.03125,3576.75,7786.1326,7780.0,0.04307926,19.1123,163
2026-09-30,SPX,AM,2027-03-19,169.71875,4073.25,7801.0713,7800.0,0.0432152,20.1574,225
2026-09-30,SPXW,PM,2027-03-31,181.989583,4367.75,7810.3065,7810.0,0.04329582,19.5914,490
2026-09-30,SPX,AM,2027-04-16,197.71875,4745.25,7828.4298,7825.0,0.04347356,20.5036,220
2026-09-30,SPX,AM,2027-05-21,232.71875,5585.25,7860.438,7850.0,0.04387603,20.9209,216
2026-09-30,SPX,AM,2027-06-17,259.71875,6233.25,7884.9066,7875.0,0.0441865,21.1867,238
2026-09-30,SPXW,PM,2027-06-30,272.989583,6551.75,7895.1551,7895.0,0.0443391,20.1807,416
2026-09-30,SPX,AM,2027-07-16,288.71875,6929.25,7913.7093,7900.0,0.04451997,21.2779,210
2026-09-30,SPX,AM,2027-08-20,323.71875,7769.25,7947.5545,7925.0,0.04492243,21.5965,209
2026-09-30,SPX,AM,2027-09-17,351.71875,8441.25,7973.172,7950.0,0.0452444,21.7501,209
2026-09-30,SPXW,PM,2027-09-30,364.989583,8759.75,7984.7842,7975.0,0.04539701,20.4157,445
2026-09-30,SPX,AM,2027-10-15,379.71875,9113.25,8002.3591,8000.0,0.04553469,20.5626,198
2026-09-30,SPX,AM,2027-12-17,442.760417,10626.25,8063.3779,8050.0,0.04612152,22.0221,144
2026-09-30,SPX,AM,2028-01-21,477.760417,11466.25,8104.7289,8100.0,0.04644732,20.6441,198
2026-09-30,SPX,AM,2028-06-16,624.71875,14993.25,8254.5039,8250.0,0.04781531,20.7589,199
2026-09-30,SPX,AM,2028-12-15,806.760417,19362.25,8444.4832,8400.0,0.04905055,22.8298,135
2026-09-30,SPX,AM,2029-12-21,1177.760417,28266.25,8858.7732,8800.0,0.05010104,22.8116,90
2026-09-30,SPX,AM,2030-12-20,1541.760417,37002.25,9297.4329,9200.0,0.0505495,32.9575,94
2026-09-30,SPX,AM,2031-12-19,1905.760417,45738.25,9862.4355,9600.0,0.05100884,22.4795,35
2026-10-01,SPXW,PM,2026-10-02,0.989583,23.75,7676.9502,7675.0,0.0406,16.4393,206
2026-10-01,SPXW,PM,2026-10-05,3.989583,95.75,7677.799,7675.0,0.0406,11.5824,203
2026-10-01,SPXW,PM,2026-10-06,4.989583,119.75,7678.149,7675.0,0.0406,12.2214,211
2026-10-01,SPXW,PM,2026-10-07,5.989583,143.75,7678.8492,7675.0,0.0406,12.7929,210
2026-10-01,SPXW,PM,2026-10-08,6.989583,167.75,7679.6998,7675.0,0.0406,13.2759,188
2026-10-01,SPXW,PM,2026-10-09,7.989583,191.75,7682.5022,7680.0,0.0406,13.7721,242
2026-10-01,SPXW,PM,2026-10-12,10.989583,263.75,7682.4969,7680.0,0.0406,13.058,185
2026-10-01,SPXW,PM,2026-10-13,11.989583,287.75,7683.3478,7680.0,0.0406,13.4771,187
2026-10-01,SPXW,PM,2026-10-14,12.989583,311.75,7684.1988,7680.0,0.0406,14.2303,184
2026-10-01,SPXW,PM,2026-10-15,13.989583,335.75,7684.4491,7680.0,0.0406,14.5562,165
2026-10-01,SPX,AM,2026-10-16,14.71875,353.25,7686.7529,7685.0,0.0406,14.6911,458
2026-10-01,SPXW,PM,2026-10-16,14.989583,359.75,7687.0033,7685.0,0.0406,14.8797,439
2026-10-01,SPXW,PM,2026-10-19,17.989583,431.75,7687.8457,7685.0,0.0406,14.372,159
2026-10-01,SPXW,PM,2026-10-20,18.989583,455.75,7688.6973,7685.0,0.0406,14.5959,159
2026-10-01,SPXW,PM,2026-10-21,19.989583,479.75,7689.4488,7685.0,0.0406,14.8147,156
2026-10-01,SPXW,PM,2026-10-22,20.989583,503.75,7690.2005,7690.0,0.0406,15.0221,132
2026-10-01,SPXW,PM,2026-10-23,21.989583,527.75,7692.8447,7690.0,0.0406,15.2284,207
2026-10-01,SPXW,PM,2026-10-26,24.989583,599.75,7693.3092,7690.0,0.0406,14.9351,128
2026-10-01,SPXW,PM,2026-10-27,25.989583,623.75,7694.162,7690.0,0.0406,15.1177,127
2026-10-01,SPXW,PM,2026-10-28,26.989583,647.75,7695.1856,7690.0,0.0406,15.5966,127
2026-10-01,SPXW,PM,2026-10-29,27.989583,671.75,7695.9374,7690.0,0.0406,16.013,115
2026-10-01,SPXW,PM,2026-10-30,28.989583,695.75,7698.3948,7695.0,0.0406,16.2803,477
2026-10-01,SPXW,PM,2026-11-02,32.03125,768.75,7699.4982,7690.0,0.04064189,16.046,106
2026-10-01,SPXW,PM,2026-11-03,33.03125,792.75,7700.5018,7700.0,0.04066817,16.1834,107
2026-10-01,SPXW,PM,2026-11-04,34.03125,816.75,7701.3049,7700.0,0.04069446,16.5754,109
2026-10-01,SPXW,PM,2026-11-05,35.03125,840.75,7702.3592,7700.0,0.04072074,16.728,69
2026-10-01,SPXW,PM,2026-11-06,36.03125,864.75,7704.5683,7700.0,0.04074702,16.92,167
2026-10-01,SPXW,PM,2026-11-09,39.03125,936.75,7704.6201,7700.0,0.04082587,16.7085,68
2026-10-01,SPXW,PM,2026-11-13,43.03125,1032.75,7708.6937,7700.0,0.04093101,17.171,118
2026-10-01,SPX,AM,2026-11-20,49.760417,1194.25,7712.1118,7710.0,0.0410809,17.5458,458
2026-10-01,SPXW,PM,2026-11-20,50.03125,1200.75,7712.313,7710.0,0.04108624,17.4928,415
2026-10-01,SPXW,PM,2026-11-27,57.03125,1368.75,7717.8864,7710.0,0.04122423,17.4449,109
2026-10-01,SPXW,PM,2026-11-30,60.03125,1440.75,7718.6911,7715.0,0.04128337,17.3237,480
2026-10-01,SPX,AM,2026-12-18,77.760417,1866.25,7731.9673,7730.0,0.0415219,18.5483,453
2026-10-01,SPXW,PM,2026-12-18,78.03125,1872.75,7732.1187,7730.0,0.04152546,18.3465,353
2026-10-01,SPXW,PM,2026-12-31,91.03125,2184.75,7744.3937,7740.0,0.0416963,18.4796,627
2026-10-01,SPX,AM,2027-01-15,105.760417,2538.25,7762.0752,7760.0,0.04212721,19.1495,401
2026-10-01,SPXW,PM,2027-01-15,106.03125,2544.75,7762.0752,7760.0,0.04213522,18.7516,270
2026-10-01,SPXW,PM,2027-01-29,120.03125,2880.75,7773.4789,7770.0,0.04254918,18.9957,206
2026-10-01,SPX,AM,2027-02-19,140.760417,3378.25,7789.5934,7780.0,0.04263123,19.811,342
2026-10-01,SPXW,PM,2027-02-19,141.03125,3384.75,7789.7323,7775.0,0.04263167,19.1911,134
2026-10-01,SPXW,PM,2027-02-26,148.03125,3552.75,7795.625,7790.0,0.04264317,19.2839,163
2026-10-01,SPX,AM,2027-03-19,168.71875,4049.25,7810.1482,7800.0,0.04267716,20.3172,225
2026-10-01,SPXW,PM,2027-03-31,180.989583,4343.75,7819.0807,7815.0,0.04269731,19.7563,529
2026-10-01,SPX,AM,2027-04-16,196.71875,4721.25,7836.9221,7825.0,0.04283119,20.6682,220
2026-10-01,SPX,AM,2027-05-21,231.71875,5561.25,7867.9597,7850.0,0.043157,21.0851,216
2026-10-01,SPX,AM,2027-06-17,258.71875,6209.25,7891.4922,7875.0,0.04340833,21.3258,238
2026-10-01,SPXW,PM,2027-06-30,271.989583,6527.75,7901.0846,7900.0,0.04353187,20.3181,436
2026-10-01,SPX,AM,2027-07-16,287.71875,6905.25,7919.2556,7900.0,0.04367829,21.4939,211
2026-10-01,SPX,AM,2027-08-20,322.71875,7745.25,7951.9754,7950.0,0.04400409,21.7474,209
2026-10-01,SPX,AM,2027-09-17,350.71875,8417.25,7977.0869,7975.0,0.04426473,21.8675,209
2026-10-01,SPXW,PM,2027-09-30,363.989583,8735.75,7988.5021,7975.0,0.04438827,20.5344,445
2026-10-01,SPX,AM,2027-10-15,378.71875,9089.25,8005.3411,8000.0,0.04452538,20.6708,198
2026-10-01,SPX,AM,2027-12-17,441.760417,10602.25,8064.4688,8050.0,0.04511221,22.137,144
2026-10-01,SPX,AM,2028-01-21,476.760417,11442.25,8104.616,8100.0,0.04543802,20.7549,198
2026-10-01,SPX,AM,2028-06-16,623.71875,14969.25,8249.8917,8225.0,0.04680601,20.8881,199
2026-10-01,SPX,AM,2028-12-15,805.760417,19338.25,8434.3215,8400.0,0.04806787,23.0683,135
2026-10-01,SPX,AM,2029-12-21,1176.760417,28242.25,8838.791,8800.0,0.0492109,22.9497,90
2026-10-01,SPX,AM,2030-12-20,1540.760417,36978.25,9265.3742,9200.0,0.04970919,21.5819,78
2026-10-01,SPX,AM,2031-12-19,1904.760417,45714.25,9732.9502,9600.0,0.05021822,22.5389,35
2026-10-02,SPXW,PM,2026-10-05,2.989583,71.75,7729.3998,7725.0,0.0404,7.3532,149
2026-10-02,SPXW,PM,2026-10-06,3.989583,95.75,7729.7999,7725.0,0.0404,9.0243,185
2026-10-02,SPXW,PM,2026-10-07,4.989583,119.75,7730.5503,7730.0,0.0404,10.1358,201
2026-10-02,SPXW,PM,2026-10-08,5.989583,143.75,7731.4009,7730.0,0.0404,10.6895,206
2026-10-02,SPXW,PM,2026-10-09,6.989583,167.75,7733.9992,7730.0,0.0404,11.2984,233
2026-10-02,SPXW,PM,2026-10-12,9.989583,239.75,7734.0489,7730.0,0.0404,10.7868,181
2026-10-02,SPXW,PM,2026-10-13,10.989583,263.75,7734.7497,7730.0,0.0404,11.3025,182
2026-10-02,SPXW,PM,2026-10-14,11.989583,287.75,7735.6008,7735.0,0.0404,12.2734,182
2026-10-02,SPXW,PM,2026-10-15,12.989583,311.75,7735.9013,7735.0,0.0404,12.697,183
2026-10-02,SPX,AM,2026-10-16,13.71875,329.25,7738.5478,7735.0,0.0404,12.9068,452
2026-10-02,SPXW,PM,2026-10-16,13.989583,335.75,7738.5978,7735.0,0.0404,13.0746,436
2026-10-02,SPXW,PM,2026-10-19,16.989583,407.75,7739.3989,7735.0,0.0404,12.6922,158
2026-10-02,SPXW,PM,2026-10-20,17.989583,431.75,7740.2004,7740.0,0.0404,12.9603,158
2026-10-02,SPXW,PM,2026-10-21,18.989583,455.75,7741.0522,7740.0,0.0404,13.2267,156
2026-10-02,SPXW,PM,2026-10-22,19.989583,479.75,7741.8541,7740.0,0.0404,13.495,154
2026-10-02,SPXW,PM,2026-10-23,20.989583,503.75,7744.549,7740.0,0.0404,13.7415,206
2026-10-02,SPXW,PM,2026-10-26,23.989583,575.75,7745.0133,7740.0,0.0404,13.5368,127
2026-10-02,SPXW,PM,2026-10-27,24.989583,599.75,7745.8886,7740.0,0.0404,13.7391,126
2026-10-02,SPXW,PM,2026-10-28,25.989583,623.75,7746.6403,7740.0,0.0404,14.3085,127
2026-10-02,SPXW,PM,2026-10-29,26.989583,647.75,7747.5427,7740.0,0.0404,14.7179,125
2026-10-02,SPXW,PM,2026-10-30,27.989583,671.75,7749.8495,7745.0,0.0404,15.0531,476
2026-10-02,SPXW,PM,2026-11-02,31.03125,744.75,7751.0536,7750.0,0.04041951,14.9077,107
2026-10-02,SPXW,PM,2026-11-03,32.03125,768.75,7751.9068,7750.0,0.04045236,15.0381,107
2026-10-02,SPXW,PM,2026-11-04,33.03125,792.75,7752.9608,7750.0,0.04048522,15.4602,108
2026-10-02,SPXW,PM,2026-11-05,34.03125,816.75,7753.7642,7750.0,0.04051807,15.5878,107
2026-10-02,SPXW,PM,2026-11-06,35.03125,840.75,7756.0848,7750.0,0.04055092,15.8208,166
2026-10-02,SPXW,PM,2026-11-09,38.03125,912.75,7756.4272,7750.0,0.04064949,15.662,69
2026-10-02,SPXW,PM,2026-11-10,39.03125,936.75,7757.7336,7750.0,0.04068234,15.8203,65
2026-10-02,SPXW,PM,2026-11-13,42.03125,1008.75,7760.0,7760.0,0.0407809,16.1841,119
2026-10-02,SPX,AM,2026-11-20,48.760417,1170.25,7763.5923,7760.0,0.04094079,16.6015,457
2026-10-02,SPXW,PM,2026-11-20,49.03125,1176.75,7763.542,7760.0,0.04094435,16.5847,415
2026-10-02,SPXW,PM,2026-11-27,56.03125,1344.75,7769.4149,7750.0,0.04103634,16.5946,110
2026-10-02,SPXW,PM,2026-11-30,59.03125,1416.75,7770.0503,7770.0,0.04107577,16.492,480
2026-10-02,SPX,AM,2026-12-18,76.760417,1842.25,7783.6382,7780.0,0.04151752,17.8163,453
2026-10-02,SPXW,PM,2026-12-18,77.03125,1848.75,7783.4364,7780.0,0.04152464,17.6456,353
2026-10-02,SPXW,PM,2026-12-31,90.03125,2160.75,7795.9093,7795.0,0.04186632,17.837,627
2026-10-02,SPX,AM,2027-01-15,104.760417,2514.25,7813.5829,7810.0,0.04220927,18.5727,401
2026-10-02,SPXW,PM,2027-01-15,105.03125,2520.75,7813.3403,7810.0,0.0422155,18.1696,270
2026-10-02,SPXW,PM,2027-01-29,119.03125,2856.75,7824.8479,7820.0,0.04253747,18.4825,206
2026-10-02,SPX,AM,2027-02-19,139.760417,3354.25,7841.3722,7840.0,0.04262959,19.3121,343
2026-10-02,SPXW,PM,2027-02-19,140.03125,3360.75,7841.2074,7825.0,0.04263003,18.7441,134
2026-10-02,SPXW,PM,2027-02-26,147.03125,3528.75,7847.2532,7825.0,0.04264153,18.856,163
2026-10-02,SPX,AM,2027-03-19,167.71875,4025.25,7862.3396,7850.0,0.04267551,19.9148,225
2026-10-02,SPXW,PM,2027-03-31,179.989583,4319.75,7871.1745,7870.0,0.04269567,19.3874,529
2026-10-02,SPX,AM,2027-04-16,195.71875,4697.25,7889.563,7875.0,0.04283623,20.3044,220
2026-10-02,SPX,AM,2027-05-21,230.71875,5537.25,7921.0434,7900.0,0.04320036,20.7775,216
2026-10-02,SPX,AM,2027-06-17,257.71875,6185.25,7945.0503,7925.0,0.04348126,21.0567,238
2026-10-02,SPXW,PM,2027-06-30,270.989583,6503.75,7954.6385,7950.0,0.04361933,20.0841,436
2026-10-02,SPX,AM,2027-07-16,286.71875,6881.25,7973.2405,7950.0,0.04378297,21.259,211
2026-10-02,SPX,AM,2027-08-20,321.71875,7721.25,8006.7579,8000.0,0.04414711,21.5461,209
2026-10-02,SPX,AM,2027-09-17,349.71875,8393.25,8032.4088,8025.0,0.04443842,21.6979,209
2026-10-02,SPXW,PM,2027-09-30,362.989583,8711.75,8043.9371,8025.0,0.04457648,20.3987,445
2026-10-02,SPX,AM,2027-10-15,377.71875,9065.25,8061.6782,8050.0,0.04472631,20.5568,198
2026-10-02,SPX,AM,2027-12-17,440.760417,10578.25,8121.7072,8100.0,0.04536492,22.035,144
2026-10-02,SPX,AM,2028-01-21,475.760417,11418.25,8163.0592,8150.0,0.04571948,20.6911,198
2026-10-02,SPX,AM,2028-06-16,622.71875,14945.25,8311.1639,8300.0,0.04720817,20.8558,199
2026-10-02,SPX,AM,2028-12-15,804.760417,19314.25,8500.0557,8500.0,0.04856431,23.06,135
2026-10-02,SPX,AM,2029-12-21,1175.760417,28218.25,8916.9048,8800.0,0.04970953,23.1307,90
2026-10-02,SPX,AM,2030-12-20,1539.760417,36954.25,9351.3672,9200.0,0.05020782,32.9923,94
2026-10-02,SPX,AM,2031-12-19,1903.760417,45690.25,9828.0284,9600.0,0.05071672,22.4143,35
2026-10-05,SPXW,PM,2026-10-06,0.989583,23.75,7776.4502,7775.0,0.0405,10.6624,153
2026-10-05,SPXW,PM,2026-10-07,1.989583,47.75,7777.2005,7775.0,0.0405,11.3433,196
2026-10-05,SPXW,PM,2026-10-08,2.989583,71.75,7777.9993,7775.0,0.0405,11.7486,211
2026-10-05,SPXW,PM,2026-10-09,3.989583,95.75,7780.3502,7780.0,0.0405,12.1089,257
2026-10-05,SPXW,PM,2026-10-12,6.989583,167.75,7780.3002,7780.0,0.0405,10.669,182
2026-10-05,SPXW,PM,2026-10-13,7.989583,191.75,7781.0509,7780.0,0.0405,11.2232,183
2026-10-05,SPXW,PM,2026-10-14,8.989583,215.75,7781.8018,7780.0,0.0405,12.3151,186
2026-10-05,SPXW,PM,2026-10-15,9.989583,239.75,7782.1524,7780.0,0.0405,12.7731,186
2026-10-05,SPX,AM,2026-10-16,10.71875,257.25,7784.8498,7780.0,0.0405,12.9412,445
2026-10-05,SPXW,PM,2026-10-16,10.989583,263.75,7784.6996,7780.0,0.0405,13.1516,431
2026-10-05,SPXW,PM,2026-10-19,13.989583,335.75,7785.651,7785.0,0.0405,12.5843,160
2026-10-05,SPXW,PM,2026-10-20,14.989583,359.75,7786.4524,7785.0,0.0405,12.816,161
2026-10-05,SPXW,PM,2026-10-21,15.989583,383.75,7787.254,7785.0,0.0405,13.0594,160
2026-10-05,SPXW,PM,2026-10-22,16.989583,407.75,7788.0964,7785.0,0.0405,13.2818,157
2026-10-05,SPXW,PM,2026-10-23,17.989583,431.75,7790.7014,7790.0,0.0405,13.535,232
2026-10-05,SPXW,PM,2026-10-26,20.989583,503.75,7791.1527,7790.0,0.0405,13.2735,129
2026-10-05,SPXW,PM,2026-10-27,21.989583,527.75,7791.9046,7790.0,0.0405,13.4728,128
2026-10-05,SPXW,PM,2026-10-28,22.989583,551.75,7792.757,7790.0,0.0405,14.0448,129
2026-10-05,SPXW,PM,2026-10-29,23.989583,575.75,7793.7099,7790.0,0.0405,14.5208,128
2026-10-05,SPXW,PM,2026-10-30,24.989583,599.75,7796.0028,7795.0,0.0405,14.8943,476
2026-10-05,SPXW,PM,2026-11-02,28.03125,672.75,7797.2414,7790.0,0.0405,14.6365,109
2026-10-05,SPXW,PM,2026-11-03,29.03125,696.75,7798.0437,7790.0,0.0405,14.8253,111
2026-10-05,SPXW,PM,2026-11-04,30.03125,720.75,7799.0468,7790.0,0.0405,15.3063,113
2026-10-05,SPXW,PM,2026-11-05,31.03125,744.75,7799.7993,7790.0,0.04051951,15.4449,112
2026-10-05,SPXW,PM,2026-11-06,32.03125,768.75,7801.957,7800.0,0.04055236,15.7168,200
2026-10-05,SPXW,PM,2026-11-09,35.03125,840.75,7802.7608,7800.0,0.04065092,15.5321,69
2026-10-05,SPXW,PM,2026-11-10,36.03125,864.75,7803.6145,7800.0,0.04068378,15.7387,68
2026-10-05,SPXW,PM,2026-11-11,37.03125,888.75,7803.8157,7800.0,0.04071663,15.8562,68
2026-10-05,SPXW,PM,2026-11-13,39.03125,936.75,7806.1834,7800.0,0.04078234,16.0985,159
2026-10-05,SPX,AM,2026-11-20,45.760417,1098.25,7810.0,7810.0,0.04100205,16.425,453
2026-10-05,SPXW,PM,2026-11-20,46.03125,1104.75,7809.8995,7805.0,0.04100739,16.5103,415
2026-10-05,SPXW,PM,2026-11-27,53.03125,1272.75,7815.6945,7800.0,0.04114538,16.4922,110
2026-10-05,SPXW,PM,2026-11-30,56.03125,1344.75,7816.3082,7815.0,0.04120452,16.3782,480
2026-10-05,SPX,AM,2026-12-18,73.760417,1770.25,7829.9496,7825.0,0.04168101,17.6562,452
2026-10-05,SPXW,PM,2026-12-18,74.03125,1776.75,7829.7983,7825.0,0.04168901,17.5224,353
2026-10-05,SPXW,PM,2026-12-31,87.03125,2088.75,7842.3232,7840.0,0.04207341,17.6891,627
2026-10-05,SPX,AM,2027-01-15,101.760417,2442.25,7860.0506,7860.0,0.04237163,18.3924,401
2026-10-05,SPXW,PM,2027-01-15,102.03125,2448.75,7859.7976,7850.0,0.04237608,18.0463,270
2026-10-05,SPXW,PM,2027-01-29,116.03125,2784.75,7871.5205,7870.0,0.04260606,18.3368,206
2026-10-05,SPX,AM,2027-02-19,136.760417,3282.25,7888.0185,7880.0,0.04277397,19.1288,343
2026-10-05,SPXW,PM,2027-02-19,137.03125,3288.75,7887.9074,7875.0,0.04277531,18.6175,134
2026-10-05,SPXW,PM,2027-02-26,144.03125,3456.75,7893.8978,7875.0,0.0428098,18.7408,163
2026-10-05,SPX,AM,2027-03-19,164.71875,3953.25,7909.2779,7900.0,0.04291176,19.7751,225
2026-10-05,SPXW,PM,2027-03-31,176.989583,4247.75,7918.06,7915.0,0.04297223,19.2946,529
2026-10-05,SPX,AM,2027-04-16,192.71875,4625.25,7936.4578,7925.0,0.04309396,20.185,220
2026-10-05,SPX,AM,2027-05-21,227.71875,5465.25,7968.1674,7950.0,0.04341976,20.68,216
2026-10-05,SPX,AM,2027-06-17,254.71875,6113.25,7992.2164,7975.0,0.0436711,20.997,238
2026-10-05,SPXW,PM,2027-06-30,267.989583,6431.75,8002.1686,8000.0,0.04379463,20.0573,436
2026-10-05,SPX,AM,2027-07-16,283.71875,6809.25,8020.9128,8000.0,0.04394105,21.1988,211
2026-10-05,SPX,AM,2027-08-20,318.71875,7649.25,8054.7293,8050.0,0.04426685,21.5159,209
2026-10-05,SPX,AM,2027-09-17,346.71875,8321.25,8080.0595,8075.0,0.0445275,21.6677,209
2026-10-05,SPXW,PM,2027-09-30,359.989583,8639.75,8091.6398,8075.0,0.04465103,20.3972,445
2026-10-05,SPX,AM,2027-10-15,374.71875,8993.25,8109.1618,8100.0,0.04479592,20.5681,198
2026-10-05,SPX,AM,2027-12-17,437.760417,10506.25,8169.3249,8150.0,0.04543453,22.0194,144
2026-10-05,SPX,AM,2028-01-21,472.760417,11346.25,8210.6641,8200.0,0.04578909,20.7116,198
2026-10-05,SPX,AM,2028-06-16,619.71875,14873.25,8359.6439,8350.0,0.04727778,20.886,199
2026-10-05,SPX,AM,2028-12-15,801.760417,19242.25,8550.2226,8550.0,0.04865363,23.1247,135
2026-10-05,SPX,AM,2029-12-21,1172.760417,28146.25,8972.9508,8800.0,0.04979488,23.1143,90
2026-10-05,SPX,AM,2030-12-20,1536.760417,36882.25,9408.1548,9400.0,0.05024334,33.0235,94
2026-10-05,SPX,AM,2031-12-19,1900.760417,45618.25,9891.8374,9600.0,0.0507326,22.4355,35
2026-10-06,SPXW,PM,2026-10-07,0.989583,23.75,7822.8498,7820.0,0.0406,10.3169,171
2026-10-06,SPXW,PM,2026-10-08,1.989583,47.75,7823.5997,7820.0,0.0406,11.1164,204
2026-10-06,SPXW,PM,2026-10-09,2.989583,71.75,7825.9003,7825.0,0.0406,11.5827,251
2026-10-06,SPXW,PM,2026-10-12,5.989583,143.75,7825.9006,7825.0,0.0406,9.8742,208
2026-10-06,SPXW,PM,2026-10-13,6.989583,167.75,7826.5512,7825.0,0.0406,10.249,187
2026-10-06,SPXW,PM,2026-10-14,7.989583,191.75,7827.3521,7825.0,0.0406,11.288,190
2026-10-06,SPXW,PM,2026-10-15,8.989583,215.75,7827.6977,7825.0,0.0406,11.8111,190
2026-10-06,SPX,AM,2026-10-16,9.71875,233.25,7830.3504,7830.0,0.0406,12.0513,423
2026-10-06,SPXW,PM,2026-10-16,9.989583,239.75,7830.2503,7830.0,0.0406,12.2786,422
2026-10-06,SPXW,PM,2026-10-19,12.989583,311.75,7831.0014,7830.0,0.0406,11.7349,180
2026-10-06,SPXW,PM,2026-10-20,13.989583,335.75,7831.8529,7830.0,0.0406,11.9691,166
2026-10-06,SPXW,PM,2026-10-21,14.989583,359.75,7832.7963,7830.0,0.0406,12.2174,166
2026-10-06,SPXW,PM,2026-10-22,15.989583,383.75,7833.5975,7830.0,0.0406,12.4576,164
2026-10-06,SPXW,PM,2026-10-23,16.989583,407.75,7836.2524,7835.0,0.0406,12.7209,240
2026-10-06,SPXW,PM,2026-10-26,19.989583,479.75,7836.7539,7835.0,0.0406,12.4719,153
2026-10-06,SPXW,PM,2026-10-27,20.989583,503.75,7837.5944,7830.0,0.0406,12.6989,131
2026-10-06,SPXW,PM,2026-10-28,21.989583,527.75,7838.4462,7830.0,0.0406,13.334,132
2026-10-06,SPXW,PM,2026-10-29,22.989583,551.75,7839.3985,7830.0,0.0406,13.8459,132
2026-10-06,SPXW,PM,2026-10-30,23.989583,575.75,7841.6544,7840.0,0.0406,14.2212,474
2026-10-06,SPXW,PM,2026-11-02,27.03125,648.75,7842.7081,7840.0,0.0406,13.994,126
2026-10-06,SPXW,PM,2026-11-03,28.03125,672.75,7843.7116,7840.0,0.0406,14.1825,115
2026-10-06,SPXW,PM,2026-11-04,29.03125,696.75,7844.5146,7840.0,0.0406,14.6756,117
2026-10-06,SPXW,PM,2026-11-05,30.03125,720.75,7845.4348,7840.0,0.0406,14.8323,117
2026-10-06,SPXW,PM,2026-11-06,31.03125,744.75,7847.8927,7845.0,0.04062341,15.1091,207
2026-10-06,SPXW,PM,2026-11-09,34.03125,816.75,7848.1931,7840.0,0.04074168,14.9672,108
2026-10-06,SPXW,PM,2026-11-10,35.03125,840.75,7849.3976,7825.0,0.04078111,15.2005,68
2026-10-06,SPXW,PM,2026-11-11,36.03125,864.75,7849.3474,7825.0,0.04082053,15.3184,69
2026-10-06,SPXW,PM,2026-11-12,37.03125,888.75,7850.0502,7850.0,0.04085996,15.4319,71
2026-10-06,SPXW,PM,2026-11-13,38.03125,912.75,7851.7073,7850.0,0.04089938,15.5505,163
2026-10-06,SPX,AM,2026-11-20,44.760417,1074.25,7855.603,7855.0,0.04116468,15.9842,454
2026-10-06,SPXW,PM,2026-11-20,45.03125,1080.75,7855.402,7855.0,0.04117536,16.0063,414
2026-10-06,SPXW,PM,2026-11-27,52.03125,1248.75,7861.4672,7850.0,0.04124189,16.0101,109
2026-10-06,SPXW,PM,2026-11-30,55.03125,1320.75,7862.0125,7860.0,0.0412616,15.9042,480
2026-10-06,SPX,AM,2026-12-18,72.760417,1746.25,7875.605,7875.0,0.04161239,17.1988,452
2026-10-06,SPXW,PM,2026-12-18,73.03125,1752.75,7875.4033,7875.0,0.04161951,17.0801,353
2026-10-06,SPXW,PM,2026-12-31,86.03125,2064.75,7887.9296,7885.0,0.04196119,17.2789,627
2026-10-06,SPX,AM,2027-01-15,100.760417,2418.25,7905.7082,7905.0,0.0422552,17.9796,400
2026-10-06,SPXW,PM,2027-01-15,101.03125,2424.75,7905.4471,7900.0,0.04225965,17.6727,270
2026-10-06,SPXW,PM,2027-01-29,115.03125,2760.75,7917.2636,7910.0,0.04248963,18.0176,206
2026-10-06,SPX,AM,2027-02-19,135.760417,3258.25,7933.9116,7930.0,0.04264603,18.8351,344
2026-10-06,SPXW,PM,2027-02-19,136.03125,3264.75,7933.7378,7925.0,0.04264692,18.3402,134
2026-10-06,SPXW,PM,2027-02-26,143.03125,3432.75,7939.7297,7925.0,0.04266992,18.4632,163
2026-10-06,SPX,AM,2027-03-19,163.71875,3929.25,7955.0968,7950.0,0.04273789,19.518,225
2026-10-06,SPXW,PM,2027-03-31,175.989583,4223.75,7964.0323,7960.0,0.0427782,19.0503,529
2026-10-06,SPX,AM,2027-04-16,191.71875,4601.25,7982.4663,7975.0,0.04288963,19.948,220
2026-10-06,SPX,AM,2027-05-21,226.71875,5441.25,8014.2656,8000.0,0.0432346,20.4836,216
2026-10-06,SPX,AM,2027-06-17,253.71875,6089.25,8038.6108,8025.0,0.04350072,20.7983,238
2026-10-06,SPXW,PM,2027-06-30,266.989583,6407.75,8048.2965,8045.0,0.04363152,19.9076,436
2026-10-06,SPX,AM,2027-07-16,282.71875,6785.25,8067.1895,8050.0,0.04378655,21.0433,211
2026-10-06,SPX,AM,2027-08-20,317.71875,7625.25,8101.0911,8100.0,0.04413152,21.3755,209
2026-10-06,SPX,AM,2027-09-17,345.71875,8297.25,8126.7209,8125.0,0.04440749,21.5499,209
2026-10-06,SPXW,PM,2027-09-30,358.989583,8615.75,8138.1716,8135.0,0.0445383,20.3045,445
2026-10-06,SPX,AM,2027-10-15,373.71875,8969.25,8155.9145,8150.0,0.04467651,20.4851,198
2026-10-06,SPX,AM,2027-12-17,436.760417,10482.25,8216.2568,8200.0,0.04524609,21.9244,144
2026-10-06,SPX,AM,2028-01-21,471.760417,11322.25,8257.6367,8250.0,0.04556231,20.6201,198
2026-10-06,SPX,AM,2028-06-16,618.71875,14849.25,8406.0091,8400.0,0.04689007,20.8391,199
2026-10-06,SPX,AM,2028-12-15,800.760417,19218.25,8596.3329,8550.0,0.04807313,23.0093,135
2026-10-06,SPX,AM,2029-12-21,1171.760417,28122.25,9013.3401,9000.0,0.04895608,22.996,90
2026-10-06,SPX,AM,2030-12-20,1535.760417,36858.25,9454.5785,9400.0,0.04970351,23.3225,94
2026-10-06,SPX,AM,2031-12-19,1899.760417,45594.25,9936.2307,9600.0,0.05042076,22.4574,35
2026-10-07,SPXW,PM,2026-10-08,0.989583,23.75,7801.7502,7800.0,0.0407,11.0436,167
2026-10-07,SPXW,PM,2026-10-09,1.989583,47.75,7804.2498,7800.0,0.0407,11.5636,238
2026-10-07,SPXW,PM,2026-10-12,4.989583,119.75,7804.0995,7800.0,0.0407,9.3353,212
2026-10-07,SPXW,PM,2026-10-13,5.989583,143.75,7804.7999,7800.0,0.0407,9.8584,208
2026-10-07,SPXW,PM,2026-10-14,6.989583,167.75,7805.4504,7805.0,0.0407,10.9541,200
2026-10-07,SPXW,PM,2026-10-15,7.989583,191.75,7805.7507,7805.0,0.0407,11.5057,200
2026-10-07,SPX,AM,2026-10-16,8.71875,209.25,7808.2983,7805.0,0.0407,11.7752,424
2026-10-07,SPXW,PM,2026-10-16,8.989583,215.75,7808.1982,7805.0,0.0407,12.0483,429
2026-10-07,SPXW,PM,2026-10-19,11.989583,287.75,7809.0988,7805.0,0.0407,11.4424,188
2026-10-07,SPXW,PM,2026-10-20,12.989583,311.75,7809.9499,7805.0,0.0407,11.6563,184
2026-10-07,SPXW,PM,2026-10-21,13.989583,335.75,7810.7512,7810.0,0.0407,11.9462,176
2026-10-07,SPXW,PM,2026-10-22,14.989583,359.75,7811.5526,7810.0,0.0407,12.2276,174
2026-10-07,SPXW,PM,2026-10-23,15.989583,383.75,7814.3488,7810.0,0.0407,12.517,250
2026-10-07,SPXW,PM,2026-10-26,18.989583,455.75,7814.8998,7810.0,0.0407,12.2342,162
2026-10-07,SPXW,PM,2026-10-27,19.989583,479.75,7815.6013,7815.0,0.0407,12.4862,158
2026-10-07,SPXW,PM,2026-10-28,20.989583,503.75,7816.5419,7810.0,0.0407,13.1413,137
2026-10-07,SPXW,PM,2026-10-29,21.989583,527.75,7817.3936,7810.0,0.0407,13.674,136
2026-10-07,SPXW,PM,2026-10-30,22.989583,551.75,7819.7494,7815.0,0.0407,14.0835,473
2026-10-07,SPXW,PM,2026-11-02,26.03125,624.75,7820.8023,7820.0,0.0407,13.8663,132
2026-10-07,SPXW,PM,2026-11-03,27.03125,648.75,7821.8054,7820.0,0.0407,14.1042,128
2026-10-07,SPXW,PM,2026-11-04,28.03125,672.75,7822.5925,7820.0,0.0407,14.6289,122
2026-10-07,SPXW,PM,2026-11-05,29.03125,696.75,7823.5453,7820.0,0.0407,14.8049,122
2026-10-07,SPXW,PM,2026-11-06,30.03125,720.75,7825.9532,7825.0,0.0407,15.0874,217
2026-10-07,SPXW,PM,2026-11-09,33.03125,792.75,7826.2044,7825.0,0.04080226,14.9472,115
2026-10-07,SPXW,PM,2026-11-10,34.03125,816.75,7827.8418,7825.0,0.04084168,15.1803,110
2026-10-07,SPXW,PM,2026-11-11,35.03125,840.75,7827.5098,7825.0,0.04088111,15.3143,68
2026-10-07,SPXW,PM,2026-11-12,36.03125,864.75,7828.213,7825.0,0.04092053,15.4426,70
2026-10-07,SPXW,PM,2026-11-13,37.03125,888.75,7829.8996,7825.0,0.04095996,15.5637,168
2026-10-07,SPX,AM,2026-11-20,43.760417,1050.25,7833.6433,7830.0,0.04122526,16.0761,464
2026-10-07,SPXW,PM,2026-11-20,44.03125,1056.75,7833.5428,7830.0,0.04123593,16.0951,426
2026-10-07,SPXW,PM,2026-11-27,51.03125,1224.75,7839.2959,7830.0,0.04133532,16.0722,128
2026-10-07,SPXW,PM,2026-11-30,54.03125,1296.75,7840.0,7840.0,0.04135503,15.9492,479
2026-10-07,SPXW,PM,2026-12-04,58.03125,1392.75,7842.7178,7840.0,0.04138131,16.4039,108
2026-10-07,SPX,AM,2026-12-18,71.760417,1722.25,7853.3868,7850.0,0.04168611,17.2262,465
2026-10-07,SPXW,PM,2026-12-18,72.03125,1728.75,7853.1851,7850.0,0.04169322,17.0974,384
2026-10-07,SPXW,PM,2026-12-31,85.03125,2040.75,7865.6059,7865.0,0.04203491,17.309,627
2026-10-07,SPX,AM,2027-01-15,99.760417,2394.25,7883.4319,7880.0,0.04236653,18.0175,421
2026-10-07,SPXW,PM,2027-01-15,100.03125,2400.75,7883.1362,7880.0,0.04237187,17.6986,293
2026-10-07,SPXW,PM,2027-01-29,114.03125,2736.75,7894.8644,7890.0,0.04264784,18.0502,206
2026-10-07,SPX,AM,2027-02-19,134.760417,3234.25,7911.4223,7910.0,0.0428,18.8774,342
2026-10-07,SPXW,PM,2027-02-19,135.03125,3240.75,7911.1756,7900.0,0.0428,18.3619,143
2026-10-07,SPXW,PM,2027-02-26,142.03125,3408.75,7917.069,7900.0,0.0428,18.494,163
2026-10-07,SPX,AM,2027-03-19,162.71875,3905.25,7932.3387,7925.0,0.0428,19.5247,225
2026-10-07,SPXW,PM,2027-03-31,174.989583,4199.75,7941.1228,7940.0,0.0428,19.0576,529
2026-10-07,SPX,AM,2027-04-16,190.71875,4577.25,7959.3572,7950.0,0.04286205,19.9502,220
2026-10-07,SPX,AM,2027-05-21,225.71875,5417.25,7990.7567,7975.0,0.04313036,20.4684,216
2026-10-07,SPX,AM,2027-06-17,252.71875,6065.25,8014.4893,8000.0,0.04333734,20.7977,238
2026-10-07,SPXW,PM,2027-06-30,265.989583,6383.75,8024.3291,8020.0,0.04343907,19.908,436
2026-10-07,SPX,AM,2027-07-16,281.71875,6761.25,8042.9675,8025.0,0.04355965,21.0309,211
2026-10-07,SPX,AM,2027-08-20,316.71875,7601.25,8076.5062,8075.0,0.04382796,21.3775,209
2026-10-07,SPX,AM,2027-09-17,344.71875,8273.25,8101.6158,8100.0,0.04404261,21.536,209
2026-10-07,SPXW,PM,2027-09-30,357.989583,8591.75,8113.0159,8110.0,0.04414434,20.3094,445
2026-10-07,SPX,AM,2027-10-15,372.71875,8945.25,8130.5451,8125.0,0.04427157,20.4846,198
2026-10-07,SPX,AM,2027-12-17,435.760417,10458.25,8190.2409,8150.0,0.04487566,22.0036,145
2026-10-07,SPX,AM,2028-01-21,470.760417,11298.25,8231.3073,8225.0,0.04521105,20.6292,198
2026-10-07,SPX,AM,2028-06-16,617.71875,14825.25,8378.7332,8375.0,0.04661928,20.8467,199
2026-10-07,SPX,AM,2028-12-15,799.760417,19194.25,8568.2144,8550.0,0.04788962,23.0719,135
2026-10-07,SPX,AM,2029-12-21,1170.760417,28098.25,8985.262,8800.0,0.04886429,22.9553,90
2026-10-07,SPX,AM,2030-12-20,1534.760417,36834.25,9422.4264,9400.0,0.04966156,23.3174,94
2026-10-07,SPX,AM,2031-12-19,1898.760417,45570.25,9904.0027,9600.0,0.05041911,22.4678,35
2026-10-08,SPXW,PM,2026-10-09,0.989583,23.75,7773.2998,7770.0,0.0414,12.1529,184
2026-10-08,SPXW,PM,2026-10-12,3.989583,95.75,7773.2992,7770.0,0.0414,9.109,209
2026-10-08,SPXW,PM,2026-10-13,4.989583,119.75,7773.8994,7770.0,0.0414,10.0063,212
2026-10-08,SPXW,PM,2026-10-14,5.989583,143.75,7774.6498,7770.0,0.0414,11.2499,214
2026-10-08,SPXW,PM,2026-10-15,6.989583,167.75,7774.8999,7770.0,0.0414,11.6974,200
2026-10-08,SPX,AM,2026-10-16,7.71875,185.25,7777.3521,7775.0,0.0414,11.9858,399
2026-10-08,SPXW,PM,2026-10-16,7.989583,191.75,7777.3021,7775.0,0.0414,12.3145,424
2026-10-08,SPXW,PM,2026-10-19,10.989583,263.75,7778.2478,7775.0,0.0414,11.5919,187
2026-10-08,SPXW,PM,2026-10-20,11.989583,287.75,7779.0988,7775.0,0.0414,11.8554,186
2026-10-08,SPXW,PM,2026-10-21,12.989583,311.75,7779.8999,7775.0,0.0414,12.1925,186
2026-10-08,SPXW,PM,2026-10-22,13.989583,335.75,7780.651,7780.0,0.0414,12.462,174
2026-10-08,SPXW,PM,2026-10-23,14.989583,359.75,7783.3973,7780.0,0.0414,12.7381,251
2026-10-08,SPXW,PM,2026-10-26,17.989583,431.75,7783.8978,7780.0,0.0414,12.4338,162
2026-10-08,SPXW,PM,2026-10-27,18.989583,455.75,7784.6994,7780.0,0.0414,12.6892,159
2026-10-08,SPXW,PM,2026-10-28,19.989583,479.75,7785.5011,7785.0,0.0414,13.3434,157
2026-10-08,SPXW,PM,2026-10-29,20.989583,503.75,7786.3914,7780.0,0.0414,13.8886,137
2026-10-08,SPXW,PM,2026-10-30,21.989583,527.75,7788.7469,7785.0,0.0414,14.2975,472
2026-10-08,SPXW,PM,2026-11-02,25.03125,600.75,7789.6991,7780.0,0.0414,14.0312,130
2026-10-08,SPXW,PM,2026-11-03,26.03125,624.75,7790.7021,7790.0,0.0414,14.3487,128
2026-10-08,SPXW,PM,2026-11-04,27.03125,648.75,7791.6551,7790.0,0.0414,14.8549,127
2026-10-08,SPXW,PM,2026-11-05,28.03125,672.75,7792.3575,7790.0,0.0414,15.0315,121
2026-10-08,SPXW,PM,2026-11-06,29.03125,696.75,7794.7993,7790.0,0.0414,15.3262,215
2026-10-08,SPXW,PM,2026-11-09,32.03125,768.75,7795.2327,7790.0,0.0414,15.1787,113
2026-10-08,SPXW,PM,2026-11-10,33.03125,792.75,7796.4869,7790.0,0.0414,15.4213,109
2026-10-08,SPXW,PM,2026-11-11,34.03125,816.75,7796.3861,7790.0,0.0414,15.5839,108
2026-10-08,SPXW,PM,2026-11-12,35.03125,840.75,7796.9881,7775.0,0.0414,15.7396,69
2026-10-08,SPXW,PM,2026-11-13,36.03125,864.75,7798.6445,7790.0,0.0414,15.8518,167
2026-10-08,SPXW,PM,2026-11-16,39.03125,936.75,7799.0458,7775.0,0.0414,15.7208,68
2026-10-08,SPX,AM,2026-11-20,42.760417,1026.25,7802.2609,7800.0,0.0414,16.4148,464
2026-10-08,SPXW,PM,2026-11-20,43.03125,1032.75,7802.3113,7800.0,0.0414,16.4111,424
2026-10-08,SPXW,PM,2026-11-27,50.03125,1200.75,7808.0892,7800.0,0.04137125,16.3793,126
2026-10-08,SPXW,PM,2026-11-30,53.03125,1272.75,7808.6922,7805.0,0.04135154,16.2493,479
2026-10-08,SPXW,PM,2026-12-04,57.03125,1368.75,7811.4594,7810.0,0.04132526,16.7385,107
2026-10-08,SPX,AM,2026-12-18,70.760417,1698.25,7822.0162,7820.0,0.04162478,17.5497,464
2026-10-08,SPXW,PM,2026-12-18,71.03125,1704.75,7821.865,7820.0,0.04163368,17.4326,384
2026-10-08,SPXW,PM,2026-12-31,84.03125,2016.75,7834.1922,7830.0,0.04206078,17.6465,627
2026-10-08,SPX,AM,2027-01-15,98.760417,2370.25,7851.8714,7850.0,0.04244682,18.3127,421
2026-10-08,SPXW,PM,2027-01-15,99.03125,2376.75,7851.7197,7850.0,0.04245216,17.9943,292
2026-10-08,SPXW,PM,2027-01-29,113.03125,2712.75,7863.2933,7860.0,0.04272813,18.3283,206
2026-10-08,SPX,AM,2027-02-19,133.760417,3210.25,7879.2889,7875.0,0.04291973,19.133,340
2026-10-08,SPXW,PM,2027-02-19,134.03125,3216.75,7879.3683,7875.0,0.04292017,18.6192,143
2026-10-08,SPXW,PM,2027-02-26,141.03125,3384.75,7885.1673,7875.0,0.04293167,18.7455,163
2026-10-08,SPX,AM,2027-03-19,161.71875,3881.25,7900.1019,7900.0,0.04296566,19.7181,224
2026-10-08,SPXW,PM,2027-03-31,173.989583,4175.75,7909.0814,7905.0,0.04298581,19.282,529
2026-10-08,SPX,AM,2027-04-16,189.71875,4553.25,7926.8919,7925.0,0.04305438,20.1117,219
2026-10-08,SPX,AM,2027-05-21,224.71875,5393.25,7958.0622,7950.0,0.04332269,20.6599,216
2026-10-08,SPX,AM,2027-06-17,251.71875,6041.25,7981.5435,7975.0,0.04352967,20.9428,238
2026-10-08,SPXW,PM,2027-06-30,264.989583,6359.75,7991.2902,7990.0,0.04363141,20.0586,436
2026-10-08,SPX,AM,2027-07-16,280.71875,6737.25,8009.5148,8000.0,0.04375198,21.1393,210
2026-10-08,SPX,AM,2027-08-20,315.71875,7577.25,8042.988,8025.0,0.04402029,21.5151,209
2026-10-08,SPX,AM,2027-09-17,343.71875,8249.25,8067.6501,8050.0,0.04423494,21.6642,209
2026-10-08,SPXW,PM,2027-09-30,356.989583,8567.75,8079.0206,8075.0,0.04433668,20.4225,445
2026-10-08,SPX,AM,2027-10-15,371.71875,8921.25,8096.181,8075.0,0.0444549,20.5745,198
2026-10-08,SPX,AM,2027-12-17,434.760417,10434.25,8154.9587,8150.0,0.04498996,22.0217,144
2026-10-08,SPX,AM,2028-01-21,469.760417,11274.25,8195.8129,8175.0,0.04528702,20.6948,198
2026-10-08,SPX,AM,2028-06-16,616.71875,14801.25,8341.1292,8325.0,0.0465343,20.8805,199
2026-10-08,SPX,AM,2028-12-15,798.760417,19170.25,8527.5781,8500.0,0.04768689,23.1364,135
2026-10-08,SPX,AM,2029-12-21,1169.760417,28074.25,8936.7736,8800.0,0.04864184,23.2907,90
2026-10-08,SPX,AM,2030-12-20,1533.760417,36810.25,9365.1801,9200.0,0.04933945,23.4245,94
2026-10-08,SPX,AM,2031-12-19,1897.760417,45546.25,9807.0056,9600.0,0.05001747,22.4926,35
